Barcode (Number),SKU Image,Item Name,Item Code
4902430431156,_DSC0026.JPG,TIDE DET BAR N.FRE130G(140G)-N,TID314
4902430431149,_DSC0039.JPG,TIDE DET BAR ORIG 130G(140G),TID315
4902430411530,_DSC0044.JPG,+TIDE DET BAR W/DOWNY130G(140G,TID290
4806501706108,_DSC0050.JPG,+CHAMPION DETBAR BLU ORG 145-N,CHA171
4806501706115,_DSC0067.JPG,+CHMPION DETBAR REGSUPR145(170,CHA172
4800888136732,_DSC0073.JPG,SURF DET BAR KAR 130G(140G),SUR178
4800888136770,_DSC0082.JPG,SURF DET BAR SUNFRSH 130G(140G,SUR180
4806501706245,_DSC0094.JPG,CHMPION DETBAR CLSSCFL 145(170,CHA191
4902430178273,_DSC0102.JPG,PERLA LAUNDRY BAR PPYA 110G,PER33
4902430178259,_DSC0112.JPG,PERLA LAUNDRY BAR WHT 110G,PER31
4902430191821,_DSC0124.JPG,ARIEL DET BAR SCRBER 130G,ARI82
4800888190970,_DSC0136.JPG,SURF DET BAR CHERYBLSM130(140),SUR306
4902430674034,_DSC0148.JPG,SAFEGUARD SOAP FLRL PNK 180G,SAF53
4902430709323,_DSC0166.JPG,SAFEGUARD SOAP FLRL PNK2/135-P,SAF100E
4902430675543,_DSC0175.JPG,SAFEGUARD SOAP FLRL PNK 3/180G,SAF53A
4902430159258,_DSC0184.JPG,+SAFEGUARD SOAP PUR WHT 3/90G,SAF51E
4902430495141,_DSC0193.JPG,SAFEGUARD SOAP FLRL PNK 90G,SAF48
4800417008295,_DSC0214.JPG,BENCH DEO B.SPRY SOINLUV 100ML,BEN23
4800417005256,_DSC0226.JPG,BENCH BODY SPRY ATLANTIS 100ML,BEN20
4800417005249,_DSC0238.JPG,BENCH BODY SPRAY EIGHT 100ML,BEN18
85000019849,_DSC0256.JPG,CARLO ROSSI RED WINE SWEET 750,CAR507
85000001882,_DSC0262.JPG,CARLO ROSSI RED WINE 750ML,CAR215
85000006986,_DSC0271.JPG,CARLO ROSSI RED WINE 1.5L,CAR216
4902430473491,_DSC0280.JPG,ARIEL DET PWD OXY(STNLFT)700G,ARI14
4806501709130,_DSC0297.JPG,CALLA DETPWD FLORAL FRESH 1KG(,CAL20
4902430473576,_DSC0305.JPG,ARIEL DET PWD A-BAC 1360G,ARI25
4806501709116,_DSC0322.JPG,CALLA DTPWD W/FBCN FLRLFRSH500,CAL16
4806501709321,_DSC0331.JPG,CALLA DETPWD FBCON SMRFRSH 1KG,CAL23
4806501709376,_DSC0337.JPG,CALLA DETPWD FBCON RSEGRDN 1KG,CAL27
4800888181688,_DSC0344.JPG,SURF DET PWD W/FCBFRSH 2.2KG-N,SUR277
4806501705057,_DSC0361.JPG,CHAMPION DETPWD REGSUPR 2KG(-P,CHA127
4809013775044,_DSC0368.JPG,BRIGHT EXCEL DSH LIQ A/P 1L(-P,BRI04
4800142120033,_DSC0382.JPG,ANDY PLAYER WHISKY BLACK 500ML,AND01
737552870453,_DSC0391.JPG,B.FIESTA BAGOONG SPICY 250G(P,BAR01
4800016052132,_DSC0397.JPG,#*+C2 GREENTEA APPLE 500ML,C2C07
4800016052040,_DSC0401.JPG,#*+C2 GREENTEA APPLE 355ML,C2C03
4800016052774,_DSC0415.JPG,#*+C2 GREEN TEA APPLE 1 LITER,C2C21
4800016052149,_DSC0427.JPG,#*C2 GREENTEA LEMON 500ML,C2C08
4800014147083,_DSC0439.JPG,ABSOLUTE DISTILLED WATER 350ML,ABS18
4800014144082,_DSC0448.JPG,ABSOLUTE DISTILLED WATER 500ML,ABS17
4800014146086,_DSC0452.JPG,ABSOLUTE DISTILLED WATER1500ML,ABS21
4800014145089,_DSC0460.JPG,ABSOLUTE DISTILLED WATER1000ML,ABS19
4800014700011,_DSC0464.JPG,ABSOLUTE DISTILLED WATER2000ML,ABS22
4800014700028,_DSC0470.JPG,ABSOLUTE DISTILLED WATER4000ML,ABS23
4803925151125,_DSC0476.JPG,7-UP REG PET 1.5L,7UP04A
4803925120237,_DSC0482.JPG,7-UP REG PET 2L,7UP08
4809013775051,_DSC0496.JPG,BRIGHT EXCEL DSH LIQ A/P 1GAL,BRI06
4808680029504,_DSC0499.JPG,BF WONDER MAYO PLAS 3.5L,BES75
4902430675406,_DSC9607.JPG,SAFEGUARD SOAP PUR WHT 3/180G,SAF212A
4902430160896,_DSC9637.JPG,+SAFEGUARD SOAP PUR WHT3/135G,SAF104D
8717644190494,_DSC9679.JPG,DOVE CRM BR WHITE BEAUTY100G-N,DOV63
4806501707143,_DSC9793.JPG,+CHMPION DET BAR WFBCON390(400,CHA168
4806501707112,_DSC9797.JPG,+CHMPION DTBR REGSUPR 390G(400,CHA167
4806501707273,_DSC9803.JPG,CHMPION DTBR CLSSCFLR 390G(400,CHA190
4806501707105,_DSC9820.JPG,CHMPION DETBAR BLU ORG 390(400,CHA169
4806501707136,_DSC9824.JPG,+CHMPION DTBR CITFR(NTCIT)390G,CHA173
4902430411523,_DSC9838.JPG,TIDE DET BAR W/DOWNY 475G-N,TID292
4902430411509,_DSC9868.JPG,+TIDE DET BAR W/DOWNY380G(400G,TID291
4800888136787,_DSC9872.JPG,SURF DET BAR W/FCSFRSH380G(390,SUR181
4800888190987,_DSC9887.JPG,SURF DET BAR CHRYBLSM380(390)G,SUR307
4800888136800,_DSC9896.JPG,SURF DET BAR TAWAS 380G(390G),SUR183
4800888136749,_DSC9905.JPG,SURF DET BAR KAL 380G(390G),SUR179
4800888136688,_DSC9931.JPG,SURF DET BAR W/FCBFRSH380G(390,SUR176
4806020497334,_DSC9943.JPG,SPEED DET BAR KAL 400G-P,SPE06
4902430177597,_DSC9955.JPG,PERLA LAUNDRY BAR WHT 380G,PER28
4902430178228,_DSC9976.JPG,PERLA LAUNDRY BAR BLU 380G,PER29
4806020410814,_DSC9991.JPG,BUDGET DET BAR BLUE 3/390G-P,BUD01A
8717163616444,DSC00600.JPG,DOVE CRM BAR WHITE BEAUTY 135G,DOV71
4806020410821,DSC00620.JPG,BUDGET DET BAR KAL 3/390G-P,BUD02A
4806020410845,DSC00622.JPG,BUDGET DET BAR FBCON3/390G-P,BUD05A
4801668100240,DSC00657.JPG,DATU PUTI SPICED VINEGAR 350ML,DAT04
4801668500262,DSC00660.JPG,DATU PUTI SOY SCE 350ML/340ML,DAT21J
4801668500286,DSC00665.JPG,DATU PUTI SOY SCE 385ML,DAT21A
4801668500293,DSC00669.JPG,DATU PUTI VNEGAR 385ML PET,DAT10
4800611546760,DSC00671.JPG,COBRA ENERGY DRK REG PET 350ML,COB01
4800024570017,DSC00673.JPG,+DM FITNRYT PINE 330ML PET,DEL456
4800024013477,DSC00677.JPG,DM KETCHUP TOMATO 320G,DEL23
4800024570024,DSC00679.JPG,DM FITNRYT 4SEASONS 330MLPET,DEL457
4801668500224,DSC00681.JPG,DATU PUTI SOY SAUCE 1L,DAT24J
4801668100141,DSC00683.JPG,DATU PUTI VINEGAR 1L,DAT02
4801668601907,DSC00685.JPG,DATU PUTI VINEGAR 1/2GAL,DAT70
4801981116072,DSC00689.JPG,+COKE REG PET 1.5LIT,COK05
4801668505045,DSC00692.JPG,DATU PUTI PATIS 1000ML,DAT38
4806501708553,DSC00695.JPG,CHAMPION FBCON INFINITY 1L,CHA43
4800888156358,DSC00697.JPG,CSLK CON S.STRT 350ML,CRE340
4800024572981,DSC00700.JPG,+DM JUICE PINE HEARTSMART#202,DEL507
4801668601884,DSC00702.JPG,DATU PUTI SOY SAUCE 1/2GAL,DAT71
4801668601914,DSC00704.JPG,DATU PUTI VINEGAR 1GAL,DAT68
4801668601891,DSC00706.JPG,DATU PUTI SOY SAUCE 1 GAL,DAT69
4801668600832,DSC00710.JPG,DATU PUTI SOY SCE JMBO 385/340,DAT64
4801668603628,DSC00713.JPG,DATU PUTI SOY SCE 1L SUP,DAT05
4801668603635,DSC00715.JPG,DATU PUTI VNEGAR 1L SUP,DAT06
4801668600825,DSC00720.JPG,DATU PUTI VNEGAR JUMBO 385/350,DAT63
4800024577139,DSC00724.JPG,DM KETCHUP TOM SWT SUP 320G,DEL107
4800045310074,DSC00728.JPG,PRIDE DET PWD W.MCHINE 2KG(-P),PRI03
4800142110102,DSC00730.JPG,EMPERADOR BRANDY LIGHT 1L,EMP22
8410023029391,DSC00732.JPG,EMPERADOR DELUXE 700ML,EMP02
4800142110072,DSC00735.JPG,EMPERADOR BRANDY LIGHT 500ML,EMP36
4800142110089,DSC00737.JPG,EMPERADOR BRANDY LIGHT 750ML,EMP21
83120147879,DSC00739.JPG,FRANZIA CALIF RED WINE 750ML,FRA01
4800142110164,DSC00741 copy.JPG,EMPERADOR BRANDY LIGHT 350ML,EMP03
4804880551135,DSC00742.JPG,FRITO PLUS VEG OIL GIN 350ML,FRI29
8850389101391,DSC00745.JPG,MOGU MOGU JUICE GRAPE 320ML-N,MOG13
8934804020389,DSC00747.JPG,MAGGI SOY SAUCE 300ML,MAG421
748485700014,DSC00754.JPG,555 TUNA ADOBO 155G,55512
748485700038,DSC00757.JPG,+555 TUNA CALDERETA 155G,55515
748485200019,DSC00760.JPG,+555 SARD TOM SCE 155G,55501
748485700052,DSC00762.JPG,+555 TUNA HOT SPICY 155G,55513
748485200026,DSC00766.JPG,+555 SARD TOM SCE W/CHILI 155G,55502
748485700021,DSC00768.JPG,+555 TUNA AFRTDA 155G,55514
4803925062292,DSC00783.JPG,GATORADE WHITE LIGHTNING 500ML,GAT18
4803925350078,DSC00785.JPG,GATORADE WHITE LIGHTNING 350ML,GAT15
4803925350085,DSC00787.JPG,GATORADE FIERCE GRNAPPLE 350ML,GAT73
4803925062308,DSC00789.JPG,GATORADE FIERCE GRNAPPLE 500ML,GAT74
4800024572004,DSC00791.JPG,DM FITNRYT PINE 1L,DEL493
4803925241116,DSC00793.JPG,GATORADE GRAPE PET 1.5L,GAT69
4803925241147,DSC00795.JPG,GATORADE WHITE LIGHTNING 1.5L,GAT19
48035156,DSC00798.JPG,EFFICASCENT OIL EXTRA 25ML,EFF08B
4800011132921,DSC00802.JPG,EFFICASCENT OIL EXTREME 25ML,EFF13
4800011133430,DSC00804.JPG,EFFICASCENT OIL EXTRA 50ML,EFF09B
4804880551319,DSC00808.JPG,+FRITO PLUS VEG OIL SUP 1L(-P,FRI25
4804880551173,DSC00810.JPG,FRITO PLUS OIL VEG 1.8L (-P),FRI30
4804880553481,DSC00813.JPG,MARCA LEON CANOLA SUP 1.8L,MAR255
4804880552385,DSC00816.JPG,MARCA LEON CORN OIL SUP 1.8L,MAR257
8004123000260,DSC00822.JPG,BASSO OLIVE OIL PURE 500ML,BAS33
4800014141081,DSC00825.JPG,+SUMMIT SPRING WATER 500ML,SUM06
4800014148080,DSC00836.JPG,+SUMMIT SPRING WATER 350ML,SUM04
4800888139481,DSC00843.JPG,CSLK CON S.STRT 180ML,CRE258
4800011121611,DSC00845.JPG,CASINO ALCOHOL MILD 150ML,CAS07
4801010104001,DSC00849.JPG,JB PWD MILK+RICE 25G,JOH115
48040693,DSC00854.JPG,JB PWD PINK BLOSSOM 25G,JOH59
4801010109105,DSC00858.JPG,JB PWD ACTIVE FRESH 50G,JOH230
4801010562306,DSC00879.JPG,JB SOAP MILK 60G,JOH223
4801668100417,DSC00887 copy.JPG,DATU PUTI VIN 1L+ SOYSAUCE 1L,DAT02F
4800047820182,DSC00888.JPG,GRN CROSS ALCO 70%MOIST 500(-P,GRE21
4800047860706,DSC00890.JPG,GRN CROSS ALCO 40% MOIST 500ML,GRE31
4800047820304,DSC00892.JPG,GRN CROSS ALCO 70%EHTYL500M(-P,GRE141
4800047820311,DSC00894.JPG,GRN CROSS ALCO 70% ETHYL 250ML,GRE142
4800047820199,DSC00899.JPG,GRN CROSS ALCO 70% MOIST 250ML,GRE19
4800047820243,DSC00901.JPG,GRN CROSS ALCO 70% MOIST 150ML,GRE139
4800047820250,DSC00903.JPG,GRN CROSS ALCO 70% MOIST 60ML,GRE241
4800220533359,DSC00905.JPG,GIN KAPITAN 350ML,GIN56
4800130100023,DSC00912.JPG,GINEBRA GIN ROUND 350ML,GIN17
4800130100030,DSC00914 copy.JPG,GINEBRA FRASQUITO 350ML,GIN43
4800130910127,DSC00925.JPG,GINEBRA BLUE 700ML(P),GIN54
4803925061103,DSC00927.JPG,GATORADE TROPICALFRUIT PET500M,GAT25
4803925061127,DSC00930.JPG,GATORADE ORANGECHILL PET 500ML,GAT27
4803925061110,DSC00932.JPG,GATORADE GRAPE PET 500ML,GAT22
4803925061134,DSC00934.JPG,GATORADE LEMONLIME PET 500ML,GAT28
4803925061141,DSC00936.JPG,+GATORADE BLUE BOLT PET 500ML,GAT29
4803925241109,DSC00939.JPG,GATORADE ORANGE CHILL PET 1.5L,GAT68
4803925241123,DSC00942.JPG,GATORADE TROPICAL FRUIT 1.5L,GAT95
4800014707515,DSC00950.JPG,SUMMIT SPRING WATER 6000ML,SUM14
4800014141289,DSC00952.JPG,SUMMIT SPRING WATER 5000ML,SUM13
4800014707638,DSC00954.JPG,SUMMIT SPRING WATER 4000ML,SUM12
4800047840265,DSC00957.JPG,ZONROX BLCH LMN 1000ML,ZON17
8850006493939,DSC00962.JPG,PAL NAT SH S.STRT 350(400)ML,PAL59
4892368072166,DSC00964.JPG,PAL NAT SH I.MOIST 350(400)ML,PAL605
8850006490945,DSC00966.JPG,PAL NAT SH H&SMOOTH 350(400)ML,PAL58
4807788560582,DSC00970.JPG,PH CARE FEMWASH NAT PPYA 150ML,PHC63
4807788560544,DSC00977.JPG,PH CARE FEMWASH NAT GUAVA 150M,PHC61
4807788560551,DSC00979.JPG,PH CARE FEMWASH NAT GUAVA 50ML,PHC60
4807788560483,DSC00981.JPG,PH CARE FEMWASH NAT PPYA 50ML,PHC62
4800888143389,DSC00994.JPG,RXONA DEO R-ON ICECOOL50ML(40),REX222
4800047840036,DSC00998.JPG,+ZONROX BLCH REG 250ML(-P),ZON03
4800047840043,DSC01001.JPG,+ZONROX BLCH REG 100ML,ZON38
4801234105013,DSC01007.JPG,BAYGON COIL MOSQUITO 10S,BAY19
4801234105815,DSC01010.JPG,BAYGON COIL MOSQUITO KIDLAT 10,BAY01
4801234105211,DSC01013.JPG,BAYGON COIL MOSQUITO SCENTED10,BAY75
4806501705255,DSC01015.JPG,CHMPION DETPWD FBCON 1.6KG(-P),CHA155
4801668605714,DSC01038.JPG,DATU PUTI BBQ MARINADE 350ML,DAT19
8936023250011,DSC01069.JPG,PASSION WINE CBRNET SAUVGNN750,PAS06
8936023250141,DSC01072.JPG,PASSION WINE SHIRAZ 750ML,PAS07
8936023250134,DSC01075.JPG,PASSION WINE MERLOT 750ML,PAS05
4803925063121,DSC01080 copy.JPG,GATORADE ASSTD 5+1FREE/500ML-P,GAT92A
4800049716063,DSC01084.JPG,NATURE'S SPRNG WTR HNYDW 500ML,NAT29
4800049716049,DSC01090.JPG,NATURE'S SPRNG WTR APPLE 500ML,NAT25
4800049716056,DSC01094.JPG,NATURE'S SPRNG WTR GRAPE 500ML,NAT22
4800049716032,DSC01096.JPG,NATURE'S SPRNG WTR CLMNSI 500M,NAT28
4808647020100,DSC01100.JPG,EDEN CHEESE 440G(450G) (-P),EDE03
4808647020094,DSC01102.JPG,EDEN CHEESE 165G(-P),EDE06
4800119211658,DSC01109.JPG,MXI-PEEL EXF SOLN#3 ADV 60ML-N,MAX46
4809010508812,DSC01116.JPG,MILCU DEO PWD 2IN1 80G,MIL115B
748485102252,DSC01120.JPG,CEN TUNA FLKS H&S 95G,CEN05
748485102245,DSC01122.JPG,CEN TUNA FLKS OIL 95G,CEN09
748485100418,DSC01124.JPG,+CEN TUNA FLKS H&S EOC 155G,CEN43
748485100319,DSC01126.JPG,+CEN TUNA FLKS OIL 420G,CEN04A
748485100401,DSC01128.JPG,+CEN TUNA FLKS OIL EOC 155G,CEN41
748485100098,DSC01130.JPG,+CEN TUNA FLKS H&S EOC 180G,CEN07A
748485100081,DSC01132.JPG,+CEN TUNA FLKS OIL EOC 180G,CEN06A
4800575120167,DSC01134.JPG,ALASKA CONDENSED MLK 168ML,ALA116
4800575110373,DSC01136.JPG,ALASKA EVAP MLK 370ML,ALA02
4800575110151,DSC01138.JPG,ALASKA EVAP MLK 154ML,ALA115
4800575140158,DSC01140.JPG,ALASKA EVAPORADA 154ML,ALA51
4800575480254,DSC01142.JPG,ALASKA CREMA 250ML,ALA125
4800361331500,DSC01144.JPG,+BEAR BRAND STER MILK LIQ 200ML,BEA83
4800575140370,DSC01146.JPG,ALASKA EVAPORADA 370ML,ALA34
4800249909333,DSC01148.JPG,CDO MLOAF 150G,CDO02
4800249908237,DSC01150.JPG,CDO KNORTE 175G,CDO04
4800249908985,DSC01152.JPG,CDO LMEAT 165G,CDO10
4800249909395,DSC01154.JPG,CDO KNORTE 100G,CDO03
4800249908848,DSC01156.JPG,CDO KNORTE 150G,CDO06
4800575884502,DSC01158.JPG,ALPINE FULL CRM EVAP MLK 154ML,ALP32
8888200606763,DSC01160.JPG,DAISY CONDENSADA 300ML (P),DAI31
4800575130302,DSC01162.JPG,ALASKA CONDENSADA 300ML,ALA14
748485401386,DSC01164.JPG,ANGEL ALL PURPOSE CRMER 370ML,ANG13
4800575884007,DSC01166.JPG,ALPINE FULL CRM EVAP MLK 370ML,ALP08
748485401362,DSC01169.JPG,ANGEL KREM QUESO 2IN1 370ML(P),ANG09
748485400716,DSC01171.JPG,+ANGEL EVAPRADA LIQ CRMER 410ML,ANG32
748485400860,DSC01173.JPG,ANGEL EVPRADA LIQ CRMER 365ML,ANG04
748485401225,DSC01175.JPG,ANGEL KREMDENSADA 2IN1 410ML,ANG06
4800249005776,DSC01177.JPG,BINGO CORNED BEEF 150G,BIN05
748485801803,DSC01179.JPG,ARG CBEEF 100G,ARG01
748485801261,DSC01181.JPG,ARG MLOAF 100G,ARG09
748485700045,DSC01184.JPG,+555 TUNA MECHADO 155G,55516
748485800233,DSC01186.JPG,ARG MLOAF 170G,ARG05A
748485800431,DSC01188.JPG,ARG CBEEF JR 150G,ARG42
748485801919,DSC01190.JPG,555 CNORTE CBEEF 260G,55582
748485800790,DSC01194.JPG,ARG SSGE FIESTA 175G,ARG30
748485800011,DSC01196.JPG,ARG CBEEF 175G,ARG02
748485800448,DSC01198.JPG,ARG MLOAF 250G,ARG27
748485700748,DSC01200.JPG,555 TUNA SISIG EOC 150G,55563
748485700083,DSC01203.JPG,+555 TUNA FLAKES OIL 155G,55519
748485200668,DSC01205.JPG,555 SARD FRIED H&S EOC 155G,55571
748485800738,DSC01210.JPG,ARG BLOAF 150G,ARG49
748485701042,DSC01213.JPG,555 TUNA FLAKES OIL 130G,55527
748485700090,DSC01215.JPG,555 TUNA BICOL EXPRESS 155G,55517
748485200040,DSC01218.JPG,555 SARD SPANISH EOC 155G,55537
748485700649,DSC01221.JPG,555 TUNA AFRTDA 110G,55548
748485800035,DSC01223.JPG,ARG CBEEF 260G,ARG04
4800575120303,DSC01226.JPG,ALASKA CONDENSED MLK 300ML,ALA03
4800575370302,DSC01228.JPG,COW BELL CONDENSADA 300ML,COW21
4800024012395,DSC01230.JPG,DM PINEAPPLE TIDBITS 560G (2T),DEL06
4800024011862,DSC01233.JPG,DM PINEAPPLE TIDBITS 822G(2.5),DEL07
8712045029534,DSC01240.JPG,ENFAMIL A+ ONE MILK 350G-N,ENF40
4800112010111,DSC01251.JPG,GUITAR MATCH BLACK 10'S,GUI01
4800888601070,DSC01258.JPG,+KNR CUBES PORK PANTRY 60G-N,KNO175
7622300239527,DSC01260.JPG,EDEN CHEESE MELTSARAP 165G,EDE15
8888086021001,DSC01262.JPG,LIPTON TEA BAGS YLW LABEL25/2G,LIP46
4800361380737,DSC01264.JPG, COFFEEMATE CREAMER 450G(-P),COF69
4800888287519,DSC01269.JPG,LIPTON TEA BAGS BRISK 50S(TJ),LIP09C
8712045021996,DSC01271.JPG,LACTUM 3+ GUM PLN 150G,LAC26A
8712045021958,DSC01273.JPG,LACTUM 1-3YO GUM PLN 150G,LAC21A
8852756303070,DSC01276.JPG,KELLOGGS COCO POPS 220G,KEL07
4806512230777,DSC01279.JPG,MAG PANCAKE PLUS W/ MAPLE 480G,MAG364
8712045029787,DSC01281.JPG,LACTUM 1-3YO GUM CHO 350G -N,LAC137
8712045029688,DSC01285.JPG,LACTUM 3+ GUM PLN 350G-N,LAC136
8712045029732,DSC01287.JPG,LACTUM 1-3YO GUM PLN 350G-N,LAC134
91BAY01D,DSC01289.JPG,BAYGON COIL MSQT KDLT 5+1/10-P,BAY01D
91BAY19C,DSC01293.JPG,BAYGON COIL MOSQUITO 5+1/10-P,BAY19C
8852756303063,DSC01298.JPG,KELLOGGS FROSTIES 175G,KEL09
4800361392921,DSC01301.JPG,NIDO MLK PWD FULL CRM 700G-N(P,NID16
4800153102004,DSC01304.JPG,+BONNA INF MILK 1.2KG,BON49
750515013100,DSC01319.JPG,MYSAN BUTTERCOOKIES 800G,MYS08
750515021204,DSC01322.JPG,GRAHAM CRACKERS HONEY 200G,GRA31
4800575141629,DSC01324.JPG,ALASKA FILLED MILK 700+50G-P,ALA24C
4800067112502,DSC01328.JPG,CLEENE FOAM H.SOAP SBERRY259ML,CLE145
4800067112519,DSC01330.JPG,CLEENE FOAM H.SOAP SWTPEA259ML,CLE146
4800067112489,DSC01332.JPG,CLEENE FOAM H.SOAP LAVNDR259ML,CLE144
8004123000284,DSC01334.JPG,BASSO OLIVE OIL XTRAVRGN 500ML,BAS35
4801981120000,DSC01350.JPG,COKE REG NRPET 500ML,COK15
4800014700004,DSC01358.JPG,+ABSOLUTE DISTILLED WATER6000M,ABS04
4800024562616,DSC01364.JPG,DM JUICE PINE W/FIBER 202,DEL223
4800024562692,DSC01366.JPG,+DM JUICE PINE W/ACE #202,DEL215
4800159155028,DSC01368.JPG,HAKATA SARDINES RED 155G,HAK02
748485900056,DSC01370.JPG,FRESCA TUNA FLAKES AFRTAD 175G,FRE61
4800159155011,DSC01372.JPG,HAKATA SARDINES GREEN 155G,HAK01
4800249011319,DSC01374.JPG,HIGHLANDS CORNED BEEF 150G,HIG06
4800158987033,DSC01376.JPG,+HOKKAIDO MACKEREL NAT OIL 155G,HOK07
4800022100070,DSC01379.JPG,#*HUNT'S PORK&BEANS 175G,HUN12
748485900032,DSC01381.JPG,FRESCA TUNAFLAKES CALDRETA175G,FRE62
748485900094,DSC01383.JPG,FRESCA TUNA FLAKES OIL 175G,FRE63
4800024576880,DSC01385.JPG,DM JUICE PINE BONE SMART 240ML,DEL91
4800249011579,DSC01387.JPG,HIGHLANDS CORNED BEEF 260G,HIG08
4806516761888,DSC01389.JPG,JERSEY CONDNSED MILK SWTND390G,JER01
9557727929202,DSC01391.JPG,DOREEN CONDENSADA MILK 390G,DOR04
9555513201204,DSC01394.JPG,GOOLAIT CONDENSADA 390ML,GOO48
4806014001424,DSC01397.JPG,JOLLY MUSHROOM PCSSTEMS 198G,JOL71
4800158987026,DSC01400.JPG,HOKKAIDO MACKEREL NAT OIL 200G,HOK08
4806516762441,DSC01403.JPG,JERSEY FLAVORED PANDAN 390G,JER07
9556040030060,DSC01405.JPG,FN CONDENSADA 300ML,FN004
4800024123152,DSC01407.JPG,DM FRTCCKTAIL FIESTA 432G 1.5,DEL82
4800158987019,DSC01409.JPG,+HOKKAIDO MACKEREL NAT OIL 425G,HOK09
4806014000779,DSC01411.JPG,JOLLY MUSHROOM PCS STEMS 400G,JOL25
4806014000762,DSC01414.JPG,JOLLY MUSHROOM WHOLE 400G,JOL24
9556040030077,DSC01416.JPG,FN CONDENSADA 1KG,FN005
4800024037480,DSC01418.JPG,DM FRTCCKTAIL FIESTA 836G 2.5,DEL08
4800024562739,DSC01425.JPG,DM JUICE PINE W/ACE 1.36LIT,DEL216
4800024562609,DSC01428.JPG,DM JUICE PINE W/FIBER 1.36L,DEL224
24000010920,DSC01430.JPG,DM FRTCOCKTAIL IMP 825G (850-N,DEL10
4800024562746,DSC01433.JPG,DM JUICE PINE W/ACE 2.9L #10,DEL220
8850006325216,DSC01435.JPG,COLGATE TP GRF TWIN 6/24G-N,COL219
4987072037737,DSC01448.JPG,KOOL FEVER ADULT ECOOL 2S,KOO08B
4800888602732,DSC01454.JPG,KNR CUBES BEEF 6/10G,KNO197C
4800888602725,DSC01463.JPG,KNR CUBES PORK 6/10G,KNO198C
4800527629625,DSC01478.JPG,+YOUNGS TOWN SARD PREM GRN 155G,YOU31
4800527123505,DSC01480.JPG,+YOUNGS TOWN SARD PREM RED 155G,YOU32
4806504710119,DSC01482.JPG,MEGA SARDINES GREEN EOC 155G,MEG01
4800163443036,DSC01484.JPG,LIGO SARD RED EOC 155G,LIG11
4800154013057,DSC01486.JPG,UNIPAK MACKEREL NAT OIL 155G,UNI21
4800163000048,DSC01490.JPG,+LIGO SARD RED 155G,LIG02
4800163000031,DSC01492.JPG,+LIGO SARD GREEN 155G,LIG01
4806504710126,DSC01494.JPG,MEGA SARDINES HOT EOC 155G,MEG02
748485801469,DSC01496.JPG,LUCKY 7 CARNE NORTE 100G,LUC91
8853333009798,DSC01498.JPG,KRATOS COFFEE ORIG LATTE 240ML,KRA19
8853333009880,DSC01501.JPG,KRATOS COFFEE VANILLA LATTE240,KRA20
8853333009750,DSC01504.JPG,KRATOS COFFEE BLACK 240ML,KRA18
8853333009842,DSC01506.JPG,KRATOS COFFEE CAFE MOCHA 240ML,KRA21
6902131110181,DSC01509.JPG,MALING LUNCHEON MEAT B2 170G,MAL12
6901009100088,DSC01511.JPG,MALING LUNCHEON MEAT COFCO170,MAL25
6901009101627,DSC01514.JPG,MALING LUNCHEON MEAT COFCO340G,MAL27
6902131110037,DSC01516.JPG,MALING LUNCHEON MEAT B2 397G,MAL01
6902131111010,DSC01519.JPG,MALING LUNCHEON MEAT B2 340G,MAL11
6901009100071,DSC01523.JPG,MALING LUNCHEON MEAT COFCO397G,MAL26
4800399030079,DSC01525.JPG,LIBERTY LUNCHEON MEAT 375G,LIB30
4800024558503,DSC01527.JPG,TODAY'S MIXED FRUIT 432G 1.5,TOD02
4800527127688,DSC01529.JPG,YOUNGS TOWN SARDINES GREEN425G,YOU06
4800527271862,DSC01531.JPG,YOUNGS TOWN SARDINES RED 425G,YOU09
4800163000543,DSC01533.JPG,+LIGO SARD RED 425G,LIG09
4806504710355,DSC01535.JPG,MEGA SARDINES HOT EOC 425G,MEG26
4800163000536,DSC01537.JPG,+LIGO SARD GREEN 425G,LIG06
4806504710348,DSC01539.JPG,MEGA SARDINES GRN EOC 425G,MEG25
4800024558268,DSC01542.JPG,TODAY'S MIXED FRUIT 836G 2.5,TOD03
4800153107542,DSC01545.JPG,PROMIL KID G-UP MLK(STG3) 400G,PRO85
4800166142547,DSC01548.JPG,STIK-O WAFERSTICK UBE JR. 380G,STI15
4800166142325,DSC01550.JPG,+STIK-O WAFERSTICK CHOC JR.380G,STI02
4800153109454,DSC01562.JPG,PROGRESS GOLD GUM 900G,PRO48
8886451030320,DSC01572.JPG,PEDIASURE PLUS MILK VAN 850G-N,PED44
8886451030344,DSC01576.JPG,PEDIASURE PLUS MILK VAN 1.6K-N,PED48
4800361348706,DSC01579.JPG,NESTOGEN3 MLK PWD G-UP 340G,NES151
4800361348645,DSC01582.JPG,NESTOGEN 2 F-ON MLK 340G,NES149A
4800361389365,DSC01589.JPG,NESTOGEN3 MLK PWD G-UP 135G,NES320
4800361379175,DSC01594.JPG,+NIDO JR G-UP MLK PREBIO1 1.2K,NID74
4800361379151,DSC01601.JPG,NIDO 3+ MILK PREBIO3 1.2KG(-P),NID76
4800361379199,DSC01605.JPG,+NIDO JRG-UPMLK PREBIO1 1.6KG-,NID75
4806504801077,DSC01615 copy.JPG,MEGA SARDINES HOT EOC 5/155G-P,MEG02H
14285001935,DSC01620.JPG,UFC SPAGHETTI SAUCE 1KG,UFC48
4800092661204,DSC01629 copy.JPG,KRIM STIX COOKIESCRM REF 25S,KRI18
4800249010091,DSC01630.JPG,SM TUNA CORNED CHILI 100G,SAN101
4800134200248,DSC01639.JPG,MASTER TUNA FLKS H&S EOC 155G,MAS119
4800134200255,DSC01641.JPG,MASTER TUNA FLKS N OIL EOC155G,MAS118
4800249006636,DSC01643.JPG,+SM TUNA CORNED CHILI 150G,SAN14
748485800264,DSC01645.JPG,555 CNORTE CBEEF 150G,55521
4800193101142,DSC01647.JPG,KING CUP SARD RED EOC 155G,KIN33
96785010976,DSC01654.JPG,SABA SQUID SOY SCE W/CHL 155G,SAB05A
4800193101135,DSC01656.JPG,KING CUP SARD GREEN EOC 155G,KIN32
96785013175,DSC01658.JPG,SABA SARDINES RED 155G,SAB02
4800249006612,DSC01660.JPG,+SM TUNA CORNED 150G,SAN12
96785013298,DSC01662.JPG,SABA MACKEREL NAT OIL WHTE155G,SAB12
683922101699,DSC01664.JPG,ROSE BOWL SARDINES TSCHILI155G,ROS11
4800249006599,DSC01666.JPG,+SM TUNA CORNED 100G,SAN11
4801032745046,DSC01671.JPG,SAN MIG BEERLIGHT CAN 330ML,SAN08
4801032215044,DSC01673.JPG,RED HORSE BEER CAN 330ML,RED08
4800058134568,DSC01678.JPG,PHILIPS VIENNA SAUSAGE 114G,PHI13
748485800288,DSC01681.JPG,SHANGHAI LUNCHEON MEAT 375G,SHA11
4800249006674,DSC01686.JPG,+SM TUNA CORNED CHILI 180G,SAN15
4800249006650,DSC01688.JPG,+SM TUNA CORNED 180G,SAN13
4800249012033,DSC01690.JPG,HIGHLANDS CORNED BEEF 180G,HIG07
4800249008531,DSC01692.JPG,+SM TUNA CORNED CHILI 85G,SAN07
4800249008517,DSC01695.JPG,+SM TUNA CORNED 85G,SAN09
37600130783,DSC01698.JPG,SPAM LMEAT REGULAR 340G,SPA16
37600240345,DSC01700.JPG,SPAM LMEAT LESS SODIUM 340G,SPA14
4805358245051,DSC01702.JPG,STAR MARGARINE REG 250G,STA20
48036214,DSC01704.JPG,+STAR MARGARINE REG 100G,STA01
48037433,DSC01707.JPG,STAR MARGARINE SWEET BLEND 100,STA45
4800045310173,DSC01710.JPG,SMART DSH PASTE LMN 200G,SMA15
96785013113,DSC01713.JPG,SABA MACKEREL OIL WHITE 425G,SAB14
37600336161,DSC01715.JPG,SPAM LMEAT LITE 340G,SPA15
4800045310272,DSC01717.JPG,SMART DSH PASTE KALAMANSI 400G,SMA25
4800045310159,DSC01719.JPG,SMART DSH PASTE LMN 400G,SMA16
4800166142370,DSC01722.JPG,STIK-O WAFERSTICK STRAW JR380G,STI11
4800166142288,DSC01724.JPG,+STIK-O WAFERSTICK CHOC 850G,STI03
4805358245105,DSC01727.JPG,STAR MARGARINE REG 2K,STA04
4800009390258,DSC01729.JPG,SEASONS FRUIT MIX 3.03KG,SEA73
4800024570611,DSC01743.JPG,DM PINEAPPLE TIDBITS SUP 115G,DEL501
6902131001014,DSC01746.JPG,MALING L.MEAT B2 3/170G-P,MAL12A
4807770273674,DSC01750.JPG,LUCKYME P.CANTON KALAMANSI 80G,LUC161
4807770273698,DSC01754.JPG,LUCKYME P.CANTON CHILIMANSI80G,LUC162
4800888151834,DSC01762.JPG,SURF DET PWD TAWAS 6/65G-N,SUR314
4800888183804,DSC01773.JPG,SURF DET PWD ROSE FRSH 6/65G-N,SUR311
4800888151827,DSC01781.JPG,SURF DET PWD KAL 6/65G -N,SUR312
4800888151841,DSC01788 copy.JPG,SURF DET PWD SUNFRSH 6/65G-N,SUR313
48043472,DSC01790.JPG,FORTUNE MINT SPLASH RCB 20S,FOR18B
76164019,DSC01794.JPG,MARLBORO LIGHTS KS SOFTPACK20S,MAR16B
48033756,DSC01797.JPG,WINSTON LIGHTS SOFTPACK 20S,WIN119B
4806507832214,DSC01801.JPG,SILKA SOAP GRN PPYA 65G,SIL95
4806501597317,DSC01822.JPG,ANCHOR FMLY MLK PWD 900G-P,ANC79A
4801234108021,DSC01846.JPG,BAYGON MLT INSCTKLLR KB500(-P),BAY58
4800361381048,DSC01848.JPG,BEAR BRAND MLK PWD IRN1.1KG(P),BEA117
4800361393454,DSC01852.JPG,BEAR BRAND CEREAL MLKYUM 28G-N,BEA131
4800361393478,DSC01856.JPG,BEAR BRAND CEREAL CHOCYUM28G-N,BEA132
4800575141971,DSC01862.JPG,ALASKA FILLED MILK POUCH 25G-N,ALA78
4800575210080,DSC01865.JPG,+ALASKA FILLED MILK POUCH 80G,ALA09A
4800575141636,DSC01868.JPG,ALASKA FILLED MILK 150+15G-P,ALA91F
4800361381086,DSC01871.JPG,BEAR BRAND MLK PWD IRON 150G-N,BEA119
4800361379397,DSC01875.JPG,BEAR BRAND MLK PWD ADULT 180G,BEA122
4806501597027,DSC01883.JPG,ANLENE MLK GLD PLN SUP 180G-N,ANL12
4800361379373,DSC01886.JPG,BEAR BRAND MLK PWD ADULT300G(P,BEA124
4800361388757,DSC01889.JPG,BEAR BRAND MLK PWD IRON320-N(P,BEA23
4800361380836,DSC01892.JPG,BEAR BRAND MLK PWD ADULT600G(P,BEA125
4800575230453,DSC01897.JPG,ALASKA FILLED MILK POUCH 450G,ALA25
4800575140431,DSC01902.JPG,ALASKA CHOCO PWD MILK 300G,ALA27
4806501596792,DSC01909.JPG,ANLENE MLK GOLDPLN PCH390(400G,ANL08
4800361388047,DSC01913.JPG,BEAR BRAND MLK PWD IRON 900G(P,BEA19
4806501596624,DSC01917.JPG,ANLENE MLK GOLD PLN 600G,ANL07
4800361388337,DSC01923.JPG,BEAR BRAND MLK PWD IRON1.2KG(P,BEA20
4806501596983,DSC01926.JPG,ANLENE MLK GLD PLN SUP 990G-N,ANL13
4800153100857,DSC01936.JPG,+BONAKID G-UP MILK VAN 900G,BON45
4800153101151,DSC01938.JPG,+BONNA INF MILK 900G,BON28
8850007331452,DSC01945.JPG,CAREFREE BREATH SCN 40S,CAR461
4800116098023,DSC01948.JPG,BUTTER CREAM CRACKR UBE 10/25G,BUT19
4800116077028,DSC01951.JPG,BUTTER CREAM CRACKR CHOC10/25G,BUT07
4800116043023,DSC01954.JPG,+BUTTER CREAM CRACKR 10/25G,BUT05
4800116099020,DSC01957.JPG,BUTTER CREAM ENSAYMADA 10/25G,BUT18
4809011681514,DSC01959.JPG,BOYBWANG CRNCK T.ANGHANG12/10G,BOY28
4809011168510,DSC01962.JPG,BOSTON PAMINTA PINO 50G,BOS13
4801010369127,DSC01967.JPG,CAREFREE FLATS BREATHABLE 15S,CAR458
4809011168060,DSC01969.JPG,BOSTON PAMINTA BUO25/1.1G(1.4G,BOS06
4809011168459,DSC01972.JPG,BOSTON PAMINTA PINO 25/1.1(1.4,BOS08
4807770100697,DSC01979.JPG,BINGO COOKIES VANILLA 10/28G,BIN14
4807770100611,DSC01983.JPG,BINGO COOKIES DOBLECHOC 10/28G,BIN12
4807770100536,DSC01987.JPG,BINGO COOKIES CHOCORANGE10/28G,BIN10
4800888603173,DSC01991.JPG,BF MAYO MAGIC DOY 470ML,BES65
4808680022888,DSC01994.JPG,BF MAYONNAISE PCH 220ML,BES05A
4808680022611,DSC01998.JPG,BF SPRD SALADSNDWCH PCH 220ML,BES32C
4808680652771,DSC02000.JPG,BF SPREAD SANDWICH PCH 80ML,BES87
4808680027159,DSC02005.JPG,BF MAYO MAGIC PCH 220ML,BES11D
4802288902108,DSC02016.JPG,BOOM BOOM BABY DIAPER M 10'S,BOO17
4800153100826,DSC02018.JPG,+BONAKID G-UP MILK VAN 180G,BON25
4800153101915,DSC02021.JPG,+BONNA INF MILK 180G,BON30
4800153100918,DSC02024.JPG,+BONAMIL F-ON MILK 180G,BON32
4800153120824,DSC02027.JPG,$@BONAKID PRESCHOOL GUM 180G,BON37
4800153100840,DSC02029.JPG,+BONAKID G-UP MILK VAN 400G,BON26
4800153120848,DSC02033.JPG,$@BONAKID PRESCHOOL GUM SACH400G,BON38A
4800153101984,DSC02036.JPG,BONNA INF MILK 360G,BON46
4800153100987,DSC02039.JPG,BONAMIL F-ON MILK 360G,BON47
4800153100871,DSC02042.JPG,+BONAKID G-UP MILK VAN 1.2KG,BON43
4800153100888,DSC02045.JPG,+BONAKID G-UP MILK VAN 1.6KG,BON44
4800153138621,DSC02048.JPG,S-26 INFANT MILK 1.8KG,S2601
4800153138669,DSC02054.JPG,S-26 INFANT MLK GOLD 1.8KG,S2602
4800361363204,DSC02058.JPG,NESTOGEN 1 INF MLK S.FREE1.3KG,NES142C
4800361363181,DSC02060.JPG,NESTOGEN2 MLK PWD F-ON 1.3KG,NES150C
4800361396417,DSC02064.JPG,NESTOKID 4 MLK PWD GUM 1.8KG,NES1007
4800361384414,DSC02075.JPG,BEAR BRAND MLK JR 1.6KG-N,BEA01
748485401034,DSC02078.JPG,BIRCH TREE PWD MILK 700G (-P),BIR04
4801010361121,DSC02082.JPG,CAREFREE FLATS SUPER DRY 15S,CAR459
4800361388771,DSC02085.JPG,BEAR BRAND MLK PWD IRON 700G(P,BEA24
748485400891,DSC02096.JPG,BIRCH TREE PWD MILK 300G (-P),BIR03
4800249909548,DSC02099.JPG,CDO SPREAD LIVER 85G,CDO20
4800488011415,DSC02102.JPG,CHARMEE SNPKN ALL FLW WNGS8S(P,CHA48
4800488011484,DSC02110.JPG,CHARMEE SNPKN AFLW NO WNGS8(-P,CHA95
4800488100188,DSC02113.JPG,CHARMEE SNPKN A.FLOW WNG12S(-P,CHA166
748485401508,DSC02121.JPG,BIRCH TREE FRTFDPWDMLK300G(-P),BIR07
4800016963827,DSC02138.JPG,CLOUD 9 CHOCO BAR OVERLOAD 50G,CLO38
4800092661150,DSC02149.JPG,CHOCO MUCHO COOKIESCRM BAR30G,CHO102
4800016963162,DSC02157.JPG,#*CLOUD 9 CHOC BAR CHOC FUDGE30G,CLO16
4800010961447,DSC02162.JPG,#* CLOUD 9 CHOCO BAR CLASSIC 28G,CLO12A
4800103341835,DSC02164.JPG,CHUBBY CANDY CHOCO SOFT 20'S,CHU02
4800166142806,DSC02169.JPG,CHOKOCHOKO CHOCOSTIX 20'S,CHO67
4800016964060,DSC02171.JPG,CLOUD 9 CHOCO BAR WHITE 28G,CLO46
4804888589680,DSC02176.JPG,CHOC NUT CHOCO KING 24/240G,CHO21
4800216110014,DSC02179.JPG,CLOVER CHIPS CHEESE 85G-P,CLO37D
4800216122437,DSC02184.JPG,CHEEZY SNACK RED HOT 70G,CHE38
4800216110069,DSC02187.JPG,CLOVER CHIPS CHEESE 55G-P,CLO37A
4800016641503,DSC02190.JPG,#*JJ CHIPPY CHILICHEESE 110G,CHI13
4800016643095,DSC02195.JPG,#*JJ CHIPPY BBQ SNACK 110G,CHI02
4800016105098,DSC02200.JPG,#*JJ CHIZ CURLS 60G,CHI04
4801688103511,DSC02203.JPG,CHEESE RING SNACK 60G,CHE08A
4800016642029,DSC02210.JPG,#*JJ CHIPPY BBQ SNACK 27G,CHI01
4800216120112,DSC02214.JPG,CLOVER CHIPS BBQ 26G-P,CLO31A
4800523220079,DSC02217.JPG,CHEEZ-IT SNACK CHEESE 25G(30G),CHE22
8850338002519,DSC02220.JPG,CLORETS CANDY COOL MINT 40S,CLO271
729461168158,DSC02227.JPG,CHEESE RING SNACK 20G,CHE07
4800103341989,DSC02234.JPG,CHUBBY CANDY MILK 20'S,CHU07
4800166142479,DSC02238.JPG,CHOKOCHOKO CHOCOSTIX REF 50'S,CHO19
4800216122215,DSC02242.JPG,CLOVER CHIPS CHILI  CHEESE22G,CLO130
4800216121041,DSC02248.JPG,CHEEZY SNACKS 24G,CHE25
4800216121058,DSC02250.JPG,CHEEZY SNACKS 70G,CHE26
4800523222103,DSC02254.JPG,CHEEZ-IT SNCK HAMCHIZ25G(30G),CHE36
8850338002854,DSC02258.JPG,CLORETS CANDY OCEAN MINT 40S,CLO272
4802288802019,DSC02261.JPG,CARE ADULT DIAPER M 1'S,CAR99
4800249019490,DSC02264.JPG,CDO KNORTE POUCH 60G,CDO218
4800092661815,DSC02268.JPG,CHOCO MUCHO CHOCO MINIS 20/6G,CHO24
4800010961256,DSC02271.JPG,#* CLOUD 9 CHOCO MINI 36'S,CLO13
8850338002533,DSC02277.JPG,CLORETS CANDY COOL MINT 250S,CLO335
4800216110427,DSC02279.JPG,CLOVER BITS TACO BBQ 20/10G,CLO99
4800488114772,DSC02285.JPG,CHARMEE PANTYLNR GO GIRL20S(-P,CHA156
4800361381024,DSC02291.JPG,BEAR BRAND MLK PWD IRON 33G-N,BEA25
4802288883124,DSC02304.JPG,CARE DIAPER L 12'S (-P),CAR80A
4800523223162,DSC02311.JPG,CHEEZ-IT SNACK CHEESE 95G,CHE40
4800361385312,DSC02314.JPG,BEAR BRAND MLK PWD ADULT 1KG(P,BEA70
8850338003257,DSC02327.JPG,CLORETS CANDY OCEAN MINT 250S,CLO336
4800216110045,DSC02331.JPG,CLOVER CHIPS CHEESE 155G-P,CLO37C
4802288883247,DSC02337.JPG,CARE DIAPER L 24'S (-P),CAR58A
4802288904300,DSC02339.JPG,BOOM BOOM BABY DIAPER XL 30'S,BOO31
4800488070016,DSC02346.JPG,CARESS ADLT DIAPR BSC M10S(-P),CAR234
4802288902306,DSC02354.JPG,BOOM BOOM BABY DIAPER M 30'S,BOO19
4800488070030,DSC02359.JPG,CARESS ADLT DIAPR BSC L10S(-P),CAR235
4802288903303,DSC02363.JPG,BOOM BOOM BABY DIAPER L 30'S,BOO29
4800249902068,DSC02367.JPG,CDO MLOAF 210G,CDO28
4800361381062,DSC02370.JPG,BEAR BRAND MLK PWD IRON 2.2KG,BEA118
4800488070238,DSC02376.JPG,EQ COLORS DIAPER M 16S(-P),EQ053
4800488070252,DSC02403.JPG,EQ COLORS DIAPER XL 12S(-P),EQ057
4800488029922,DSC02439.JPG,EQ (PLUS) DIAPER M 4'S,EQ003
4800147110107,DSC02442.JPG,FARLIN BABYWIPES 80S(P),FAR40
4800488029939,DSC02445.JPG,EQ (PLUS) DIAPER L 4'S,EQ004
4800488070467,DSC02459.JPG,EQ COLORS DIAPER PWD SCNT L 4S,EQ071
4800488070245,DSC02474.JPG,EQ COLORS DIAPER L 14S(-P),EQ055
4800488959069,DSC02480.JPG,EQ (PLUS) DIAPER S 36'S-N,EQ041
4802288802101,DSC02482.JPG,+CARE ADULT DIAPER M 10'S(-P),CAR98
4801288820504,DSC02487.JPG,HAPPY COTTON ROLLS 40G,HAP134
4801288820153,DSC02491.JPG,+HAPPY COTTON ROLLS 12G,HAP133
4801288821006,DSC02496.JPG,HAPPY COTTON ROLLS 80G,HAP135
4802288873125,DSC02504.JPG,HAPPY DIAPER PNK L 12'S(-P),HAP123
4802288864123,DSC02507.JPG,HAPPY DIAPER YLW XL 12'S(-P),HAP131
4806519890363,DSC02514.JPG,UNI KOJIC ACID W/GLUTA 2/135G,UNI108
4806511016419,DSC02517.JPG,SWEETDART GUAVA CANDY 50'S-(P),SWE40
4802288322005,DSC02520.JPG,HAPPY COTTONBUDS PLSTCWHT 200S,HAP204
7622300743048,DSC02524.JPG,TIGER ENRGYBSCT VAN10/25.2(-P),TIG37
4800317500011,DSC02528.JPG,WHITE RABBIT CANDY 50'S,WHI05C
4800016476013,DSC02532.JPG,#*X O CANDY CARAMEL 50'S,XO003
4800317100013,DSC02536.JPG,WHITE RABBIT CANDY 100'S,WHI05
4800317100037,DSC02542.JPG,VIVA CANDY CARAMEL 100'S,VIV01
4800523440316,DSC02545.JPG,TOMI SWEET CORN SNACK 110G,TOM26
4800523441832,DSC02549.JPG,TOMI SWT CORN SNACK 25G(30G),TOM20
4800016476099,DSC02553.JPG,#*X O CANDY CHOCO SHAKE 50'S,XO005
4800620110051,DSC02557.JPG,SUPERLAMIG CANDY MENTHOL 50'S,SUP80
4806511019908,DSC02559.JPG,WL CRN TUBE TATTOOS 12/10G,WL090
4806511010301,DSC02565.JPG,WL CRNBITS SIGA 12/10G-(P),WL035
4806511010394,DSC02568.JPG,WL CRNBITS HALOHALO 12/10G,WL027
4801288880089,DSC02576.JPG,THOSE DAYS S.NAPKIN THINS 8S,THO02
4801288830084,DSC02579.JPG,THOSE DAYS S.NAPKIN REG NW 8S,THO01
14285003908,DSC02583.JPG,UFC BANANA CATSUP 25G BAONPACK,UFC115
4806521790750,DSC02590.JPG,WL CRN TUBE TATTOOS 60G,WL098
4801288850082,DSC02593.JPG,THOSE DAYS S.NAPKIN W/WINGS 8S,THO05
14285003892,DSC02599.JPG,UFC SPAGHETTI SAUCE 500G,UFC92
14285004530,DSC02604.JPG,UFC SPAGHETTI SAUCE 750G,UFC17
14285002789,DSC02608.JPG,+UFC BANANA CATSUP 100G,UFC61
4800110066127,DSC02612.JPG,WKING FIESTA SWEETSPAGSAUCE 1K,WHI169
4800110098470,DSC02614.JPG,WKING FIESTA SWEETSPAGSAUCE500,WHI168
14285004622,DSC02620.JPG,UFC READY RECIPES AFRITADA200G,UFC124
14285003250,DSC02622.JPG,UFC BANANA CATSUP SPOUCH 320G,UFC65
14285003656,DSC02628.JPG,UFC BANANA CATSUP SVERS PCK200,UFC63
14285004202,DSC02631.JPG,UFC READY RECIPES MENUDO 200G,UFC116
14285004196,DSC02634.JPG,UFC READY RECIPES CALDERETA200,UFC119
4800092553196,DSC02639.JPG,WHOOPIE MARSHMALLOW CAKE 10'S,WHO01
4800016477195,DSC02645.JPG,X O CANDY BROWN COFFEE 50'S,XO013
4800016475016,DSC02649.JPG,#*X O CANDY COFFEE 50'S,XO001
4806011812047,DSC02651.JPG,+SUPER Q GOLDEN BIHON 500G(P,SUP75
4806011812030,DSC02656.JPG,SUPER Q GOLDEN BIHON 1KG,SUP76
4806011812054,DSC02660.JPG,SUPER Q GOLDEN BIHON 227G,SUP77
48033831,DSC02667.JPG,WINSTON RED FF SOFTPACK 20S,WIN118B
4800092551437,DSC02670.JPG,MRS.GOODMAN COOKIES CHWYCNKY10,MRS01
9556001054005,DSC02676.JPG,NESCAFE COF RTD MOCHA 240ML,NES425
4800016604225,DSC02678.JPG,#*NOVA SNACK HOMESTYLE BBQ 40G,NOV05
4802288815040,DSC02681.JPG,HAPPY DIAPER BBY PANTS XXL 4'S,HAP54
4802288812124,DSC02684.JPG,HAPPY DIAPER BABY PANTS M 12'S,HAP44
4807770120213,DSC02688.JPG,+NISSIN WAFER CHOCOLATE20/10G,NIS07C
4807770121203,DSC02691.JPG,NISSIN WAFER STICK CHOCO10/28G,NIS165
4807770120237,DSC02693.JPG,NISSIN WAFER YUM BUTTR 20/10G,NIS18A
4807770100963,DSC02697.JPG,NISSIN EGGNOG COOKIES 10/20G,NIS19
4800361363129,DSC02700.JPG,NESTOGEN INF MLK CLASSIC 135G,NES157
4800016551598,DSC02704.JPG,#*NISSIN RAMEN NOODLE SEAFD 55G,NIS105
4807770120770,DSC02708.JPG,MONDE SUMO COOKIESCRM 10/15G,MON51
4800092660306,DSC02713.JPG,MR. JIGGELS ASSTD JELLY 20'S,MRJ01
4800361387965,DSC02717.JPG,NESTEA ICETEA PWD HNY BLD 450G,NES190
4800361378376,DSC02721.JPG,NESTOGEN 1 INF MLK S.FREE 135G,NES842
4800361378390,DSC02723.JPG,NESTOGEN 2 F-ON MLK 135G-NEW,NES843
4800092552236,DSC02733.JPG,MRS.GOODMAN CHNKEE COOKIPIE10S,MRS02
4800016560392,DSC02738.JPG,#*NISSIN PASTA CRMY CARBONRA 60G,NIS04
4807770100468,DSC02743.JPG,NISSIN EGGNOG COOKIES 32G,NIS20
4807770101861,DSC02748.JPG,NISSIN BREAD STIX 35G,NIS23
4800016652035,DSC02751.JPG,#*+MR.CHIPS CHEESE SNACK 26G,MRC25
4800361386821,DSC02756.JPG,NESFRUTA JCE PWD MELON 25G,NES942
4800361380874,DSC02760.JPG,NESTEA ICETEA PWD LMN 50G,NES863
4800361382083,DSC02765.JPG,NESTEA ICETEA PWD APPLE 25G,NES920
4800361392549,DSC02767.JPG,NESTEA ICETEA PWD CRNBRY 25G,NES941
4800361384650,DSC02770.JPG,NESFRUTA JCE PWD ORANGE 25G,NES923
4800361387989,DSC02773.JPG,NESTEA ICETEA PWD HNY BLND 25G,NES179
4800361393645,DSC02777.JPG,NESCAFE COF CLSC RESEAL 50G-N,NES14CE
4800016551574,DSC02781.JPG,#*NISSIN RAMEN NOODLE CHICKN 55G,NIS02A
4800016663802,DSC02787.JPG,#*+NOVA SNACK CHEDDAR 40G,NOV03
4800103343075,DSC02789.JPG,MR. YEMA CHEWY CANDY 20S,MRY01
4800103343464,DSC02795.JPG,MR. KESO CHEWY CANDY 20S,MRK01
4800016551581,DSC02800.JPG,#*NISSIN RAMEN NOODLE BEEF 55G,NIS01A
8935001711025,DSC02805.JPG,MENTOS CNDYMNI RAINBW ROLL 20S,MEN122
4800016560910,DSC02809.JPG,NISSIN RAMEN NOODLE SPCSEAF 59,NIS14
4807770100529,DSC02813.JPG,NISSIN BUTTERCOCO CRACKR12/10G,NIS30
4807770121296,DSC02817.JPG,MONDE VOICE OVRLOAD CHOCO10/30,MON91
4807770121333,DSC02821.JPG,MONDE S. MAMON CLSC 6/40G,MON95
4807770120251,DSC02825.JPG,NISSIN WAFER VANILLA 20/10G,NIS150
4807770101502,DSC02828.JPG,NISSIN BREAD STIX 10/20G,NIS22
4800361380140,DSC02833.JPG,NESTEA ICETEAPWD LMN 450G-N((P,NES866
4800016552137,DSC02850 copy.JPG,#*NISSIN MINICUP BATCHOY 40G,NIS63
4800016552113,DSC02854.JPG,#*+NISSIN MINICUP SEAFOOD 40G,NIS62
4800016552106,DSC02858.JPG,#*+NISSIN MINICUP BEEF 40G,NIS60
4800016551857,DSC02861.JPG,#*+NISSIN MINICUP SPICYSEAFOOD40G,NIS15
4800016552274,DSC02867 copy.JPG,#*+NISSIN MINICUP BULALO 40G,NIS85
4800016552120,DSC02876.JPG,#*NISSIN MINICUP CHICKEN 40G,NIS61
4800016653094,DSC02880.JPG,#*+MR.CHIPS CHEESE SNACK 100G,MRC12
4801010327202,DSC02885.JPG,MODESS SNPKN ALL NIGHTS W 10S,MOD12
4800016042690,DSC02889.JPG,#*NIPS CHOCO PNUT TIES12/14G(16G,NIP01A
4800016042683,DSC02893.JPG,#*NIPS CHOCO TIES 12/14G(16G),NIP03A
4801010327103,DSC02896.JPG,*MODESS SNPKN ALL NIGHTS W 4'S,MOD39C
4800016043116,DSC02902.JPG,#NIPS WHITE CHOCO TIES 12/14G,NIP07
4800148537170,DSC02906.JPG,+MARBY PINOY TASTY BREAD 450G,MAR144
4806506319624,DSC02911.JPG,LAMPEIN BABYDIAPER M 12S (-P),LAM03
4806506319631,DSC02919.JPG,LAMPEIN BABYDIAPER L 12S(-P),LAM04
4802288885128,DSC02923.JPG,HAPPY DIAPER S 12'S(-P),HAP98
4802288863126,DSC02928.JPG,HAPPY DIAPER YLW L 12'S(-P),HAP129
4802288853127,DSC02936.JPG,HAPPY DIAPER BLU L 12'S(-P),HAP115
4802288885043,DSC02944.JPG,HAPPY DIAPER S 4'S,HAP97
4800214061271,DSC02948.JPG,MENTOS CANDY MINT 50'S(-P),MEN01K
4800361381260,DSC02953.JPG,MILO PWD ENERGY DRINK 600G-N,MIL154
4807770121661,DSC02961.JPG,MONDE S. MAMON CLC WSLEBOX 12S,MON19B
4800523223827,DSC02968.JPG,MOBY SNACK CARAMEL 90G,MOB19
4800523220284,DSC02983.JPG,MOBY SNACK CHOCOLATE 25G(30G),MOB03
4800523220987,DSC02985.JPG,MOBY SNACK CARAMEL 60G(65G),MOB13
4802288812247,DSC02994.JPG,HAPPY DIAPER BABY PANTS M 24'S,HAP45
4800016084201,DSC02997.JPG,JJ WAFRETS CHOCO-VANILA 10/24G,JAC82
4800361028639,DSC03002.JPG,KOKO KRUNCH CEREALS 20G(-P),KOK01
4800016307041,DSC03004.JPG,#*DYNAMITE CANDY CHOCO 50'S,DYN01
4800103220505,DSC03008.JPG,JUDGE CHEWNG GUM BRCKSPRMNT50S,JUD01
4800103343372,DSC03011.JPG,JUDGE CHEWNG GUM STK SPRMNT 50,JUD02
4891208040150,DSC03014.JPG,KIREI YUMMY FLAKES SNACK 45G,KIR04
4800016629426,DSC03021.JPG,#*JJ KNOTS CHOCO BLAST 28G,JAC34
4800575425026,DSC03023.JPG,KREM-TOP CREAMER 180G(-P),KRE04
4800888602305,DSC03027.JPG,LC MAYONNAISE 470ML DOY,LAD206
4800016603259,DSC03031.JPG,#*JJ POT CHIPS VCUT CHEESE 25G,JAC97
22000111371,DSC03034.JPG,JUICY FRUIT GUM JMBO BAG 50S(P,JUI08
4800575425033,DSC03038.JPG,KREM-TOP CREAMER 300G(-P),KRE05
4800016661006,DSC03042.JPG,#*+JJ R.COASTER CHIZ 24G,JAC45
4891208040167,DSC03045.JPG,KIREI YUMMY FLAKES SNACK 20G,KIR03
4800016622533,DSC03050.JPG,#*+JJ POT CHIPS VCUT SPCYBBQ25,JAC07
4806517040388,DSC03056.JPG,KNICK KNACKS CHOCO 28G-N,KNI35
4800016307102,DSC03060.JPG,#*DYNAMITE CANDY MELON 50'S,DYN10
4800317500028,DSC03065.JPG,KENDI MINT CANDY 50'S,KEN02
4800016661099,DSC03070.JPG,#*JJ R.COASTER CHIZ 85G,JAC46
4800016628283,DSC03073.JPG,#*JJ PRETZEL CHOCO MINI 28G,JAC41
4800361381222,DSC03076.JPG,+MILO PWD ENERGY DRINK 220G,MIL151
4800523220802,DSC03080.JPG,MOBY SNACK CARAMEL 25G (30G),MOB04
4806517040395,DSC03082.JPG,KNICK KNACKS MILK 28G-N,KNI36
4800016627286,DSC03086.JPG,#*JJ KNOTS MILKY 28G,JAC90
4800042112169,DSC03089.JPG,EVEREADY BATT BLK AA 4'S,EVE107B
4800888601001,DSC03092.JPG,KNR CUBES BEEF SAVERS 120G-N,KNO168
4800888601032,DSC03095.JPG,+KNR CUBES CHCKN SAVERS 120G-N,KNO171
4800888600806,DSC03101.JPG,KNR MIX SINIGNG ORIG 40G,KNO148
4808680221250,DSC03106.JPG,KNR SOUP CRM OF MUSHROOM 70G,KNO12
4808680021355,DSC03111.JPG,LC MAYONNAISE 80ML,LAD18A
4800575425019,DSC03114.JPG,KREM-TOP CREAMER 80G,KRE03
4808680020754,DSC03118.JPG,LC SPREAD SANDWICH 80ML,LAD17A
4808680651026,DSC03121.JPG,LC SPREAD TUNA 80ML,LAD156
4800888602268,DSC03130.JPG,LC MAYONNAISE 220ML DOY,LAD26
4800042125411,DSC03135.JPG,EVEREADY BATT BLK AAA 2S,EVE111B
4800523220482,DSC03139.JPG,MOBY SNACK CHOCOLATE 60G(65G),MOB12
4800016603266,DSC03143.JPG,#*JJ POT CHIPS VCUT CHEESE 65G,JAC98
8935001711063,DSC03151.JPG,MENTOS CANDY AIR ACTION50S(-P),MEN103
4800016306013,DSC03155.JPG,#* MAXX CANDY HONEYLEMON 50'S,MAX08
8935001721697,DSC03158.JPG,MENTOS CANDY FRUIT 50'S,MEN24
4800092330490,DSC03162.JPG,DRAGON SID SQUASH 20/4.5G,DRA01
4800361381208,DSC03164.JPG,MILO PWD ENERGY DRINK 80G-N,MIL150
8990800012285,DSC03170.JPG,MENTOS CNDYMINI ASTDFRT ROL20S,MEN107
4800092332029,DSC03173.JPG,MILKEE POLVORON COOKIESCRM20S,MIL156
4800888602251,DSC03178.JPG,KNR MIX SINIGNG W/GABI 44G,KNO202
4800016307010,DSC03180.JPG,#*MAXX CANDY EUCALYPTUS 50'S,MAX60
4808680022017,DSC03186.JPG,LC SPREAD CKN 80ML,LAD11D
4808680652146,DSC03192.JPG, KNR MIX SINIGNG W/GABI 22G,KNO22
4800888600790,DSC03194.JPG, KNR MIX SINIGNG ORIG 20G,KNO147
4800888603692,DSC03198.JPG,KNR MIX SINIGANG ORIG 10G,KNO216
4807770101694,DSC03201.JPG,+MONDE BUTTER COCO CRACKER 90G,MON52
4800888601087,DSC03213.JPG,+KNR CUBES PORK SAVERS 120G,KNO104
4800888601025,DSC03217.JPG,+KNR CUBES CHCKN PANTRY 60G-N,KNO170
4800888601100,DSC03220.JPG,KNR CUBES SHRIMP PANTRY 60G-N,KNO178
4800888600998,DSC03224.JPG,KNR CUBES BEEF PANTRY 60G-N,KNO167
4800888600981,DSC03232.JPG,KNR CUBES BEEF 20G-N,KNO166
4800888601018,DSC03234.JPG,KNR CUBES CHCKN 20G-N,KNO169
4800888601063,DSC03238.JPG,KNR CUBES PORK 20G-N,KNO174
4800094096240,DSC03252.JPG,MINOLA OIL POUCH 925ML(1L)(P),MIN40
4800139990212,DSC03255.JPG,JELLIYUM ICE POP 8'S,JEL13
4800194177092,DSC03261.JPG,KIREI YUMMY FLAKES SNACK 60G,KIR05
4800361381284,DSC03264.JPG,MILO PWD ENERGY DRINK 1KG(-P)),MIL155
4805358373037,DSC03271.JPG,DAILY QUEZO 185G,DAI10
4808888200972,DSC03274.JPG,COLGATE TB TWISTER 2+1 BLIS-N,COL415D
4808888202723,DSC03278.JPG,COLGATE TB XTRA CLN 2+1 -N,COL416G
4800024556929,DSC03283.JPG,DM TOM SAUCE POUCH 250G,DEL21C
4800024575449,DSC03292.JPG,DM TOM SAUCE FIL STL SUP 1K-N,DEL79
4800024575432,DSC03295.JPG,DM TOM SAUCE FIL SUP 250G-N,DEL77
4800024561015,DSC03297.JPG,DM TOM PASTE SUP 70G,DEL304
4800024555489,DSC03305.JPG,DM TOM SAUCE SUP 115G,DEL68C
8850006330678,DSC03311.JPG,COLGATE TB ZIGZAG 2+1BLS-N,COL621
4800024556899,DSC03315.JPG,DM TOM PASTE SUP 150G,DEL114
4800024575494,DSC03317.JPG,DM SPAG SAUCE FIL SUP 560G-N,DEL81
4800361393232,DSC03323.JPG,COFFEEMATE CREAMER 250G,COF29
4800361390804,DSC03329.JPG,COFFEEMATE CREAMER 170G(200)-N,COF25
4800818809651,DSC03334.JPG,COL.MONAMI CNDY STRAW CRM 50'S,COL107
4800818808784,DSC03341.JPG,COL.FRUTOS CANDY DBLICIOUS 50S,COL145
4800818808760,DSC03345.JPG,COL.YAKEE! SUPER ASIM 28S(25S),COL07C
4801668603659,DSC03353.JPG,DATU PUTI OYSTER SAUCE 30G,DAT83
4800016078545,DSC03359.JPG,#*+CREAM-O COOKIE DELUXE 10/33G,CRE60
4800010075564,DSC03368.JPG,#*+CREAM-O COOKIE CHOCO10/30G-P,CRE61
4800010075526,DSC03371.JPG,#*+CREAM-O COOKIE VANILLA10/30G-P,CRE51A
4800016113017,DSC03374.JPG,#*DEWBERRY STRAWBERRYCRM 10/33G,DEW11
4800818809750,DSC03377.JPG,COL ICOOL GUM MNTHLATED50S(-P),COL112
4800818809712,DSC03380.JPG,COL.CHAMPI CANDY CHOCO 50'S,COL108
4800818828294,DSC03386.JPG,COL.FROOTY LPOP BUBBLE 25'S(-P,COL19
4800818809071,DSC03389.JPG,COL.FRUTOS CANDY TROPICAL 50S,COL79A
4800818809880,DSC03393.JPG,COL.VFRESH GUM WNTRCOOL 50S(-P,COL123
4800818808906,DSC03397.JPG,+COL.POTCHI CANDY STRAW 50'S,COL64C
4800818808654,DSC03402.JPG,COL.FROOTY RAINBW POP 25'S (-P,COL105
4800818808777,DSC03406.JPG,COL.PINTOORA GUMBALL 25S,COL08C
4800092552106,DSC03411.JPG,CUPP KEYK COMBO 10/38G,CUP11
4800016113024,DSC03414.JPG,#*DEWBERRY BLUEBERRIESCRM10/33G,DEW05
4800092330100,DSC03420.JPG,+DINGDONG NUTS MIXED 20/7G,DIN11
4800092330131,DSC03425.JPG,DINGDONG NUTS 100G,DIN16
4801668600733,DSC03433.JPG,DATU PUTI VNEGAR SAKTO 6/60ML,DAT54
4801668600726,DSC03440.JPG,DATU PUTI SOY SCE SAKTO 6/60ML,DAT55
4800818809798,DSC03444.JPG,COL.GUM JUMBO FRT JAR 100S(-P,COL169
4800092552182,DSC03451.JPG,+CUPP KEYK CHOCO TOPPS 10'S,CUP12
4800092552786,DSC03462.JPG,DOOWEE DONUTS WHTCHC W/MLK 10S,DOO03
4800016077722,DSC03467.JPG,CREAM-O COOKIE CAFFELATTE10/30,CRE79
4800092552083,DSC03469.JPG,CUPP KEYK CHEEZY TOPPS 10'S,CUP13
4800024556165,DSC03475.JPG,DM TOM SAUCE POUCH 1K,DEL57A
4800361330657,DSC03482.JPG,+KOKO KRUNCH CEREALS 12/15G(P),KOK15
4800092551611,DSC03492.JPG,DOOWEE DONUTS CHC W/BVARIAN10S,DOO01
4800092553028,DSC03499.JPG,DOOWEE DONUTS STRAWBERRY 10S,DOO04
4806018405754,DSC03505.JPG,LS BAON COMBO 10'S,LEM81
4806018405792,DSC03509.JPG,LS LAVA CAKE CRMYBVARIAN10/38G,LEM83
4800016082085,DSC03513.JPG,#*+MAGIC FLKS CRACKERS 10/28G-P,MAG20A
4800016084065,DSC03516.JPG,#*JJ WAFRETS BRIX CHOCO 10/24G,JAC156
9556001132499,DSC03518.JPG,NESTLE CERELAC WHT BNANA 120G,NES419A
4800016079559,DSC03524.JPG,#*HELLO WAFER CHOCO COATED10/15G,HEL25
4800016079573,DSC03533.JPG,#*HELLO WAFER VANILLA CTD 10/15G,HEL26
4800092551390,DSC03535.JPG,FUDGEE BARR COFFEEW/MILK10/45G,FUD05
4800092551376,DSC03546.JPG,FUDGEE BARR CAKE VANILLA10/45G,FUD03
4800092552090,DSC03548.JPG,+FUDGEE BARR CAKE COMBO 10/45G,FUD04
750515017450,DSC03556.JPG,+FITA BISCUITS SINGLES 10/30G,FIT10
4800016081132,DSC03560.JPG,#*MAGIC FLKS CHEESE 10/28G,MAG101
4800016082924,DSC03564.JPG,#*MAGIC FLKS ONION CHIVES 10/28G,MAG173
4800016084041,DSC03568.JPG,#*JJ WAFRETS CHEESE 10/24G,JAC154
4806022901884,DSC03577.JPG,HOMI MAMI CHILIGARLIC BEEF 55G,HOM26
4800361331265,DSC03580.JPG,NESTLE CHUCKIE 1L,NES422
4806018405662,DSC03583.JPG,LS LAVA CAKE 10/42G,LEM79
4804888589017,DSC03589.JPG,HANY MLK CHOC KING MILK 24'S,HAN15
4804880551333,DSC03597.JPG,FRITO PLUS VEG OIL 80ML,FRI28
4807770272127,DSC03603.JPG,LUCKYME SUPREME BULALO 65G,LUC81
4807770272110,DSC03607.JPG,LUCKYME SUPREME BATCHOY 65G,LUC80
4807770271175,DSC03610.JPG,+LUCKYME SUPREME MINI BULALO35G,LUC37
4800092553233,DSC03613.JPG,FUDGEE BARR CAKE DRK CHOCO 10S,FUD07
4800092550911,DSC03618.JPG,+FUDGEE BARR CAKE CHOCO 10/45G,FUD01
4800092551451,DSC03622.JPG,+FUDGEE BARR CAKE MACPUNO10/45G,FUD50
4800092551291,DSC03627.JPG,FUDGEE BARR CAKE MILKY 10/45G,FUD02
4800016138591,DSC03631.JPG,#*GGOOSE TORTILLOS CHIP CHILI25G,GRA15
4809011390157,DSC03644.JPG,LALA BAR MINI CHOCO 24S,LAL22
4800016677809,DSC03652.JPG,#*JJ POT CHIPS CLSC BBQ 22G,JAC05
4800523441955,DSC03655.JPG,+LOADED SNACK CHOCO 32G(35G),LOA02
4800523443218,DSC03661.JPG,LOADED SNCK NUTTY CHOCO32G(35G,LOA03
4804880551111,DSC03666.JPG,FRITO PLUS VEG SUP 175ML,FRI26
4804888589505,DSC03669.JPG,HANY MLK CHOC SP MILK 16'S,HAN17
4804880551128,DSC03673.JPG,FRITO PLUS VEG OIL 12/40ML,FRI27
4806018403866,DSC03679.JPG,LS CHOOCHOO CHOCO VANLA 10/38G,LEM69
4806018405815,DSC03686.JPG,LS WHATTOPS COOKIESNCRM 10/36G,LEM82
4806018403842,DSC03689.JPG,LS WHATTOPS MILKY CHEESE10/35G,LEM70
4806018403729,DSC03698.JPG,+LS WHATTOPS CHOCOLHAT 10/35G,LEM65
4806018403484,DSC03704.JPG,LS WHATTOPS VAN CREAM 10/35G,LEM60
4806018405532,DSC03710.JPG,LS BUTTERSCOTCH 10/30G,LEM78
4806018400988,DSC03718.JPG,+LS CUPCAKE ASSTD 10/30G,LEM02
4807770270024,DSC03721.JPG,+LUCKYME NOODLE CHICKEN 55G,LUC02
4800523443416,DSC03726.JPG,LOADED SNCK WHTE CHOCO32G(35G),LOA05
8935001720133,DSC03731.JPG,MENTOS CANDY TRPCLMX 300S (-P),MEN28
4807770270116,DSC03735.JPG,+LUCKYME NOODLE ITNOK 55G(50G),LUC22
4800110025995,DSC03742.JPG,HOMI MAMI CHICKEN N GARLIC 55G,HOM27
4800016489020,DSC03746.JPG,#*LUSH CHEWYCHOCO CANDY 50'S,LUS01
4800016625534,DSC03751.JPG,#*+JJ POT CHIPS VCUT SPCYBBQ65,JAC08
4800016138522,DSC03754.JPG,#*GGOOSE TORTILLOS CHIPS BBQ160G,GRA08
4800016110511,DSC03764.JPG,#*+JJ CHICHARN NI M.J.PAOMBONG90G,JAC136
4800016138546,DSC03768.JPG,#*GGOOSE TORTILLOS CHEESE 100G,GRA10
4800016110528,DSC03772.JPG,#*+JJ CHICHARN NI M.J.SUKASILI90G,JAC138
4800016021213,DSC03777.JPG,#*GRT TASTE 3IN1 ORIG 165G,GRE268
4807770273667,DSC03781.JPG,LUCKYME NOODLE SPCY PORK 50G,LUC79
4800110026497,DSC03786.JPG,HOMI MAMI BEEF BRISKET 55G,HOM28
4800016110535,DSC03791.JPG,#*JJ CHICHARN NI M.J.PAOMBONG26G,JAC135
4800010961485,DSC03795.JPG,JJ CHOOEY CHOCO 40'S,JAC158
4800016622526,DSC03801.JPG,#*JJ POT CHIPS CLSC BBQ 65G,JAC06
4800016138652,DSC03808.JPG,#*GGOOSE TORTILLOS SOUR CRM 100G,GRA25
4807770270017,DSC03813.JPG,+LUCKYME NOODLE BEEF 55G,LUC01
4800016138515,DSC03817.JPG,#*GGOOSE TORTILLOS CHIPS BBQ100,GRA07
4800016110542,DSC03823.JPG,#*+JJ CHICHARN NI M.J.SUKASILI26G,JAC137
4800016138577,DSC03826.JPG,#*GGOOSE TORTILLOS CHILI 100G,GRA16
4807770272097,DSC03832.JPG,+LUCKYME NOODLE SPCYBEEF55(50G,LUC04
4809010626332,DSC03844.JPG,+LS CUPCAKE CHEESE 10/30G(300G),LEM06
4806018403736,DSC03849.JPG,LS WHATTOPS COMBO 10S,LEM67
4800016961625,DSC03854.JPG,JJ CHOOEY TOFFEE 40'S,JAC159
8850338000560,DSC03861.JPG,HALLS CANDY ICEMINT 50S,HAL31
4800502128143,DSC03866.JPG,HERMANO SUGAR REFINED 1/4 KG,HER26
4806505601560,DSC03884.JPG,+LUCKY LIGHT SUGAR REFINED 1/4K,LUC111
4806505601577,DSC03888.JPG,LUCKY LIGHT SUGAR REFINED 1/2K,LUC112
4806505601621,DSC03892.JPG,+LUCKY LIGHT SUGAR BROWN 1/4KG,LUC115
4806505601591,DSC03897.JPG,+LUCKY LIGHT SUGAR WASHED 1/4KG,LUC113
4806505601638,DSC03901.JPG,LUCKY LIGHT SUGAR BROWN 1/2KG,LUC116
4800502128020,DSC03905.JPG,HERMANO SUGAR REFINED 2 KG,HER59
4800502128013,DSC03910.JPG,HERMANO SUGAR REFINED 1 KG,HER24
4800502128044,DSC03913.JPG,+HERMANO SUGAR PREMIUM RAW 1KG,HER188
4806505601614,DSC03922.JPG,LUCKY LIGHT SUGAR WASHED 1K,LUC122
4800502128112,DSC03926.JPG,HERMANO SUGAR REFINED 1/2 K,HER25
4800502128167,DSC03930.JPG,HERMANO SUGAR PREMIUM RAW 1/4K,HER186
4800098121528,DSC03949.JPG,YUM YUM SNACK CHOCO 30G,YUM01
4800098121924,DSC03956.JPG,YUM YUM SNACK MILK 30G,YUM02
4806506152399,DSC03966.JPG,TOILY BATHROOM TISSUE 2PLY 1'S,TOI02
4804888883214,DSC03975.JPG,CREAM DORY UNBRANDED 1KG,CRE88
8710428021441,DSC03987.JPG,ENSURE GOLD VAN 400G,ENS15
8712045027462,DSC04001.JPG,ENFAGROW A+ THREE(G-UP)VAN 900,ENF45D
8710428003713,DSC04008.JPG,ENSURE GOLD VAN 850G-N,ENS23
8712045030226,DSC04016.JPG,ENFAMIL A+ TWO MLK 900G-N,ENF48
8712045029541,DSC04028.JPG,ENFAMIL A+ ONE MILK 900G-N,ENF49
4902430615457,DSC04065.JPG,PAMPERS DIAPER BBYDRY L(28+2)S,PAM58
4800016555985,DSC04077.JPG,#*PAYLESS P.CANTON KALMANSI 130G,PAY17
4800016555992,DSC04080.JPG,#*PAYLESS P.CANTON ORIG 130G,PAY16
4800016556517,DSC04085.JPG,#*PAYLESS P.CANTON CHILMANSI130G,PAY18
4800016556807,DSC04088.JPG,#*PAYLESS P.CANTON HOTCHILI 130G,PAY19
4800016559051,DSC04094.JPG,#*PAYLESS P.SHANGHAI PATATIM 55G,PAY33
4800194173681,DSC04098.JPG,OISHI BREAD PAN BUTTR TOAST42G,OIS226
4800194116640,DSC04102.JPG,OISHI CHEESE CLUBS 25G,OIS130
4891208040143,DSC04110.JPG,+OISHI PRAWN CRACKERS 24G,OIS02
4800194116466,DSC04114.JPG,+OISHI PILLOWS CHOCO 38G,OIS103
4800194104982,DSC04117.JPG,OISHI ONION RINGS SNACK 18G,OIS121
4800194101585,DSC04123.JPG,OISHI POT.CRISPS CRMYGARLIC18G,OIS92
4800194153683,DSC04125.JPG,OISHI BREAD PAN BUTTR TOAST24G,OIS225
4800194173223,DSC04132.JPG,OISHI BREAD PAN CHIZONION 42G,OIS205
4800194153225,DSC04140.JPG,+OISHI BREAD PAN CHIZONION 24G,OIS203
4800194104364,DSC04149.JPG,OISHI SPONGE CRUNCH CAPPCNO30G,OIS313
4800194105958,DSC04161.JPG,OISHI PRAWN CKR SWT&XTRAHOT60G,OIS48
4800194104968,DSC04169.JPG,+OISHI PRAWN CRACKER SPICY 24G,OIS03
4800194105965,DSC04171.JPG,OISHI PRAWN CRACKER SPICY 60G,OIS06
4800194106030,DSC04176.JPG,OISHI POT.FRIES KETCHUP 50G,OIS186
4800194177962,DSC04180.JPG,OISHI PRAWN CRCKRS SPCY95(100G,OIS243
4800194116114,DSC04187.JPG,OISHI CORN O'LE 24G,OIS120
4800194104951,DSC04189.JPG,OISHI PRAWN CKR SWT&XTRAHOT24G,OIS46
4800194152327,DSC04195.JPG,OISHI PILLOWS UBE CRCKRS 38G,OIS202
4800194104777,DSC04197.JPG,OISHI POT.FRIES CHEESE 21G,OIS101
4800194179904,DSC04209.JPG,OISHI MARTYSCRCKLN SALTVIN90G,OIS241
4800194106771,DSC04214.JPG,OISHI POT.FRIES CHEESE 50G,OIS284
4800212000302,DSC04218.JPG,FAIRY'S CONE SUGAR 12'S,FAI01B
4800194180184,DSC04225.JPG,OISHI FISHDA KROPECK 80G,OIS215
4800194152884,DSC04235.JPG,OISHI MARTY'S PLAIN 26G(22G),OIS239
4800194177863,DSC04238.JPG,OISHI CRISPY PATATA SNACK 90G,OIS244
4800194104869,DSC04257.JPG,OISHI CRISPY PATATA SNACK 26G,OIS83
4800194106788,DSC04262.JPG,OISHI POT.CRISPS CHEESE 50G,OIS123
4800194106153,DSC04267.JPG,OISHI POT.CRISPS CRMYGARLIC50G,OIS69
4891208040136,DSC04274.JPG,OISHI PRAWN CRACKER 60G,OIS27
4800194106016,DSC04278.JPG,OISHI POT.FRIES SALTED 50G,OIS70
4800194179836,DSC04286.JPG,OISHI MRTYSCRKLIN CHKNINSAL90G,OIS40
4800194211048,DSC04291.JPG,OISHI MARTYS BACONETTE STRP90G,OIS280
4800194179898,DSC04295.JPG,OISHI MARTY'SCRACKLIN SPICY90G,OIS296
4800194115421,DSC04299.JPG,OISHI RIDGES CHIPS OGARLIC60G,OIS189
4800194179881,DSC04305.JPG,OISHI MARTYSCRCKLN PLNSALTD90G,OIS271
897399001028,DSC04309.JPG,OISHI CRACKLING SALTVINEG100G,OIS279
4800194101134,DSC04313.JPG,OISHI CRACKLING SALTVINEG 50G,OIS68
4800194101783,DSC04316.JPG,OISHI POT.CRISPS CHEESE 18G,OIS94
4800194104029,DSC04321.JPG,OISHI POT.FRIES KETCHUP 21G,OIS314
4806508501447,DSC04323.JPG,PALL MALL RED (SWITCH) 20S(P),PAL20B
4806508501461,DSC04329.JPG,PALL MALL GREEN (BOOST) 20S(P),PAL26B
4800488959328,DSC04332.JPG,NURSY BABY WIPES POWDER 66S,NUR06
4800488959878,DSC04343.JPG,NURSY BABY WIPES POWDER 90S,NUR02
9556031084119,DSC04346.JPG,+PAL NAT SOAP SOFT&M.PNK 55G,PAL396
4800016553332,DSC04350.JPG,#*PAYLESS MAMI BEEF 55G,PAY01
4800056191013,DSC04363.JPG,OK FILLED CHEESE 200G,OK001
4892642101926,DSC04369.JPG,OREO COOKIES CHOCO 9/29.4G(-P),ORE03
4902430220873,DSC04465.JPG,SAFEGUARD SOAP PUR WHT6/135G-P,SAF104L
4902430935616,DSC04483.JPG,SAFEGUARD SOAP FLRL PNK 135G,SAF100
4902430222891,DSC04488.JPG,+SAFEGUARD SOAP PUR WHT 180G,SAF212
4902430935999,DSC04491.JPG,SAFEGUARD SOAP CLC BGE 135G,SAF98
4902430934800,DSC04498.JPG,SAFEGUARD SOAP PUR WHT 135G,SAF104
4902430951357,DSC04536.JPG,+SAFEGUARD SOAP FLRL PNK 60G-N,SAF220
4902430381772,DSC04538.JPG,SAFEGUARD SOAP IVRY WHT 60G-N,SAF232
4902430644358,DSC04543.JPG,SAFEGUARD SOAP PUR WHT 3/60G,SAF49
4902430522076,DSC04561.JPG,SAFEGUARD SOAP GUAVA 60G,SAF16
4902430970525,DSC04566.JPG,SAFEGUARD SOAP MNTHL 60G-N,SAF223
4902430495073,DSC04572.JPG,SAFEGUARD SOAP PUR WHT 90G,SAF51
4800092550676,DSC04579.JPG,CROSSINI ROLLS CHOCO 10/38G,CRO13
4800016306037,DSC04589.JPG,#*MAXX CANDY HONEYLMN 420S(440,MAX22
4801188102328,DSC04596.JPG,FANTASEA FISH CRACKERS 20/8G,FAN01
4800016307034,DSC04600.JPG,#*MAXX CANDY EUCLYPTUS420S(440,MAX81
4800361393867,DSC04604.JPG,BEAR BRAND MLK PWD IRON 1.6KG,BEA134
4800016304033,DSC04612.JPG,#*MAXX CANDY CHERRY 420S(440S),MAX23
4800194110099,DSC04622.JPG,OISHI CRACKLIN SALTVINEG20/5G,OIS07
4800194110860,DSC04631.JPG,OISHI CRISPY PATATA SNACK20/5G,OIS08
4800194110051,DSC04645.JPG,OISHI KIREI YUMMY FLAKES20/5G,OIS146
4800194110983,DSC04651.JPG,OISHI ONION RINGS SNACK 20/5G,OIS115
4800488958611,DSC04663.JPG,CARESS ADLT DIAPR O.NYT M10S(-,CAR456
4800450112133,DSC04671.JPG,DIPSEA FISH CRACKER 20/8G(10G),DIP09A
4800361292382,DSC04687.JPG,KOKO KRUNCH CEREALS 500G (-P),KOK13
8888336020785,DSC04689.JPG,HUGGIES DIAPER DRYPANTS XL12(-,HUG53
4806506152405,DSC04696.JPG,TOILY BATHROOM TISSUE 2PLY 6'S,TOI04
4800488958970,DSC04702.JPG,EQ DRY DIAPER L 32'S(-P),EQ038
4800488959007,DSC04705.JPG,EQ DRY DIAPER XL 28'S(-P),EQ039
4800488958949,DSC04714.JPG,EQ DRY DIAPER M 36'S(-P),EQ037
4800488959083,DSC04718.JPG,EQ (PLUS) DIAPER M 32'S-N,EQ042
4800488959106,DSC04723.JPG,EQ (PLUS) DIAPER L 28'S-P,EQ043
4800488958918,DSC04731.JPG,EQ DRY DIAPER S 40'S-N,EQ024
8712045025147,DSC04734.JPG,ALACTA INFANT MILK 1KG,ALA132
8712045024959,DSC04739.JPG,ALACTAMIL F-ON MLK 1.2KG,ALA127
8712045024966,DSC04752.JPG,ALACTAGROW G-UP MILK 1.2KG,ALA128
8712045022375,DSC04760.JPG,ALACTAGROW G-UP MILK 800G,ALA44E
8712045023310,DSC04762.JPG,ALACTAMIL F-ON MLK 800G,ALA106
8712045023426,DSC04766.JPG,ALACTA INFANT MILK 150G,ALA119
8712045023600,DSC04769.JPG,ALACTAGROW G-UP MILK 150G,ALA102
8712045023273,DSC04778.JPG,ALACTAMIL F-ON MLK 350G,ALA105
8712045023617,DSC04783.JPG,ALACTAGROW G-UP MILK 350G,ALA103
8712045023433,DSC04785.JPG,ALACTA INFANT MILK 350G,ALA120
8712045023266,DSC04793.JPG,ALACTAMIL F-ON MLK 150G,ALA104
94155877,DSC04795.JPG,ANCHOR MLK RTD LITE 1L (P,ANC10
8410028901210,DSC04812.JPG,ALFONSO I BRANDY PLATINUM 1L,ALF30
8410028225002,DSC04835.JPG,ALFONSO I BRANDY SOLERA 1.75L,ALF07
748485801162,DSC04847.JPG,555 CNORTE CBEEF 175G,55525
4800575130166,DSC04859.JPG,ALASKA CONDENSADA 168ML,ALA50
4800575141643,DSC04870.JPG,ALASKA CHOCO PWD MILK 800+80-P,ALA28A
4800575142077,DSC04883.JPG,ALASKA FILLED MLK 1.5K+200GP,ALA146
4801958460009,DSC04893.JPG,AJINMOTO CRSPYFRY ORIG 30G,AJI86
4801958390108,DSC04896.JPG, AJINMOTO CRSPYFRY ORIG 62G,AJI65C
4801958393109,DSC04898.JPG,AJINMOTO CRSPYFRY GARLIC 62G,AJI76A
4801958240007,DSC04902.JPG,AJI PANDA SEASONING 100G-N,AJI09
4801958250006,DSC04910.JPG,AJI PANDA SEASONING 250G-N,AJI11
4806501597294,DSC04913.JPG,ANCHOR FMLY MLK PWD 300G-P,ANC51AC
8801055706457,DSC04915.JPG,NESCAFE COF GOLD 100G (P),NES755
4806501597287,DSC04922.JPG,ANCHOR FAMILY MLK PWD 140G -P,ANC50AC
4800067026595,DSC04925.JPG,ALBATROSS DEODRZR CLOST OCN 4G,ALB11B
4800067026632,DSC04928.JPG,ALBATROSS DEODRZR SHOE LIME 4G,ALB16B
4800067026588,DSC04932.JPG,ALBATROSS DEODRZR CLOST LMN 4G,ALB10B
4800067026625,DSC04934.JPG,ALBATROSS DEODRZR SHOE LVNDR4G,ALB17B
4800575431003,DSC04938.JPG,ALASKA MILK RTD FRESH 1LITER,ALA82
4800488070924,DSC04942.JPG,EQ COLORS DIAPER P.S. L54S(-P),EQ082
4800488070566,DSC04949.JPG,EQ COLORS DIAPER PWDSCNT M 38S,EQ073
4800488070580,DSC04952.JPG,EQ COLORS DIAPER PWDSCNT XL30S,EQ075
4800488070122,DSC04964.JPG,EQ (PLUS) DIAPER L 42'S(-P),EQ015
4800488070917,DSC04976.JPG,EQ COLORS DIAPER P.S. M60S(-P),EQ081
4800488959120,DSC04978.JPG,EQ (PLUS) DIAPER XL 24'S-P,EQ044
4800488959038,DSC04981.JPG,EQ DRY DIAPER XXL 24'S-N,EQ040
4800488070573,DSC04998.JPG,EQ COLORS DIAPER PWDSCNT L 34S,EQ074
4802288888303,DSC05011.JPG,+HAPPY DIAPER XL 30'S(-P),HAP237
4802288854308,DSC05014.JPG,HAPPY DIAPER CLR ASTD XL 30(-P,HAP241
4802288813244,DSC05017.JPG,HAPPY DIAPER BABY PANTS L 24'S,HAP48
4802288885302,DSC05022.JPG,HAPPY DIAPER S 30S(-P),HAP234
4802288851307,DSC05032.JPG,HAPPY DIAPER CLR ASTD S 30S(-P,HAP238
8993189321870,DSC05040.JPG,MAMY POKO DIAPER EASY WEAR M36,MAM103
8993189321894,DSC05048.JPG,MAMY POKO DIAPER EASY WEARXL28,MAM105
8993189321900,DSC05053.JPG,MAMY POKO DIAPER EASYWEARXXL24,MAM106
8993189321887,DSC05058.JPG,MAMY POKO DIAPER EASY WEAR L32,MAM104
4800488070283,DSC05061.JPG,CARESS ADLT DIAPR BSC XL 10'S,CAR18
9557327000530,DSC05079.JPG,DRYPERS WWD DIAPER MEGA XL 58S,DRY49
4800488958628,DSC05092.JPG,CARESS ADLT DIAPR O.NYT L 8S(-,CAR457
4806506152276,DSC05101.JPG,+HELLO TABLE NAPKIN PRE CUT 1/2,HEL19
4806506319587,DSC05112.JPG,LAMPEIN BABYDIAPER S 42'S,LAM06
4806506315411,DSC05121.JPG,LAMPEIN BABYDIAPER S 66'S(-P),LAM14
4800098123553,DSC05126.JPG,MANILA ASSORTED BISCUIT 3KG,MAN85
4801278500034,DSC05142.JPG,DONA MARIA RICE JASPONICA 5KG,DON11
4801278500225,DSC05158.JPG,DONA MARIA RICE MIPONICA 5KG,DON14
4801278500041,DSC05168.JPG,DONA MARIA RICE JASPONICA 10KG,DON24
4800888139276,DSC05186.JPG,+CSLK CON DAMAGE CTRL 6/11ML,CRE306
4800888161277,DSC05190.JPG,CSLK CON STUNNING SHNE6/11M-N,CRE336
4800888180100,DSC05198.JPG,CSLK CON DRY RESCUE 6/11ML,CRE41
4800888139306,DSC05202.JPG,CSLK CON S. STRT 6/12ML,CRE309
4800888139313,DSC05205.JPG,+CSLK CON DDRF FREE 6/11ML,CRE310
4800888139283,DSC05213.JPG,CSLK CON HFDSE(SBOOST) 6/11ML,CRE307
4800888190215,DSC05227.JPG,DOVE CON OXYGEN NRSH 6/10ML,DOV214
4800888179593,DSC05240.JPG,DOVE SH HFALL R.PLUS 6/10ML-N,DOV191
4800888154255,DSC05245.JPG,DOVE SH NRSH OIL CARE 6/10ML,DOV89
4800888190185,DSC05250.JPG,DOVE SH OXYGEN NRSH 6/10ML,DOV213
4800888154279,DSC05256.JPG,DOVE SH STRAIGHTSILKY 6/10ML,DOV85
4902430634007,DSC05264.JPG,PNTNE COND 3MIN MRCL TDC 6/10M,PAN68
4902430634014,DSC05290.JPG,PNTNE COND 3MIN MRCLE HF 6/10M,PAN67
4902430333597,DSC05301.JPG,HS SHMP COOL MNTHL 6/12ML-N,HEA167
8850006491119,DSC05326 2.JPG,PAL NAT SH I.MOIST 6/13.5(14ML,PAL662E
8850006493731,DSC05332.JPG,PAL NAT SH HAIRFALL 6/13.5(14M,PAL46
8850006493014,DSC05337 2.JPG,PAL NAT SH I.MOIST 6/15ML-P,PAL662J
8850006491102,DSC05341.JPG,PAL NAT SH H&SMTH 6/13.5(14)ML,PAL646E
8850006491171,DSC05352 2.JPG,PAL NAT SH AROMA V 6/13.5(14ML,PAL669A
8850006536056,DSC05355 2.JPG,GARD SHMP MOISTCRE 6/18(15)ML,GAR139D
4800888158833,DSC05361 2.JPG,VSLINE SH IDDFR 6/16ML,VAS105A
4800361394161,DSC05367.JPG,MILO PWD ENRGY DRK NTRIUP24G-N,MIL42
4800361383325,DSC05376.JPG,MILO PWD ENERGY DRNK 12/22G(P),MIL157
4806514870162,DSC05379.JPG,OUR COMMUNITY TRASH BAGS XL 10,OUR04B
8850338007903,DSC05393.JPG,HALLS CANDY ICEMINT 425'S-P,HAL62
8935001706816,DSC05406.JPG,MENTOS CANDY MINT 420S -P,MEN83
8852756501506,DSC05422.JPG,KELLOGGS COCO LOOPS 12/15G,KEL06
4902430389563,DSC05432.JPG,JOY DSH LIQ LMN 6/45ML-N,JOY141
4902430389556,DSC05440.JPG,JOY DSH LIQ W/SG 6/40ML-N,JOY139
4902430434393,DSC05447.JPG,JOY DSH LIQ KAL 6/20ML(SKTO)-N,JOY145
4800016021596,DSC05454.JPG,GRT TST 3IN1 WHT CHOCTIES10/30,GRE59
4800016021039,DSC05460.JPG,#*GRT TASTE 3IN1 WHITE 10/30G,GRE247
4800016021169,DSC05468.JPG,#*GRT TASTE 3IN1ORG TWNPCK 10/33,GRE273
4807770273711,DSC05476.JPG,LUCKYME P.CANTON SWT&SPICY 80G,LUC165
4800888187840,DSC05501.JPG,BREEZE PWDR ACTVBLCH 6/70G-N,BRE09
4902430463706,DSC05504.JPG,ARIEL DET PWD A-BAC(TABA)6/60G,ARI152
8996001414309,DSC05513.JPG,KOPIKO COF CAFE BLNCA HGR10/30,KOP09
8996001410981,DSC05517.JPG,KOPIKO COF L.A HNGR 10/25G,KOP01
8996001410547,DSC05521.JPG,+KOPIKO COF BRWN HGR10/27.5(25,KOP20
8934868110170,DSC05525.JPG,SURF FCON LUXE PERFUME 6/28ML,SUR308
4800888157614,DSC05529.JPG,SURF FCON BFRESH 6/(30)28ML,SUR524
4800888171467,DSC05532.JPG,SURF FCON ABAC 6/(30)28ML,SUR385
4800888157607,DSC05539.JPG,SURF FCON MFRESH 6/(30)28ML,SUR523
4800888177117,DSC05543.JPG,SURF DET PWD ABAC 6/82G,SUR504D
4800888177124,DSC05549.JPG,SURF DET PWD W/FCBFRSH6/82G,SUR186F
7622300638030,DSC05560.JPG,+TANG JCE PWD ORANGE-MANGO25G,TAN147
7622300637996,DSC05565.JPG,+TANG JUICE PWD GRAPE 25G-N,TAN144
7622300638078,DSC05575.JPG,TANG JUICE PWD STRAWBERRY 25G,TAN155
7622300559991,DSC05577.JPG,+TANG JCEPWD ORANGE 25G,TAN146
7622300808365,DSC05579.JPG,TANG JCEPWD SD FOURSEASONS 25G,TAN18
7622300704148,DSC05585.JPG,+TANG JUICE PWD APPLE 25G-N,TAN158
7622300601768,DSC05587.JPG,TANG JUICE PWD PINE 25G-N,TAN148
4800888150608,DSC05592.JPG,RXONA DEO-LTN SHOWER 6/3ML,REX248
4800888158888,DSC05594.JPG,RXONA DEO-LTN PWDER DRY 6/3ML,REX260
4800888166494,DSC05597.JPG,RXONA DEO-LTN WHTNING 6/3ML-N,REX267
4800888151117,DSC05599.JPG,RXONA DEO-LTN QUANTUM 6/3ML,REX238
4800888160027,DSC05601.JPG,RXONA DEO-LTN ICE COOL 6/3ML,REX241
4800888154415,DSC05603 copy.JPG,DOVE CON NRSH OIL 6/10ML,DOV100
4800888179630,DSC05604 copy.JPG,DOVE CON HFALL R.PLUS 6/10ML-N,DOV196
4800888154262,DSC05606.JPG,DOVE SH INTNSE REPAIR 6/10ML,DOV88
4800888154439,DSC05608.JPG,DOVE CON STRAIGHTSILKY 6/10ML,DOV95
4800888154422,DSC05611.JPG,DOVE CON INTNSE REPAIR 6/10ML,DOV96
4800888147240,DSC05618.JPG,C-UP TP MNTHLCFRSH GRN6/24(22),CLO244
4800888147288,DSC05621.JPG,C-UP TPSTE RED HOT 6/24G(22G),CLO245
4800092660788,DSC05636.JPG,CHOCO MUCHO WHITE CHOCO BAR30G,CHO82
4800092660634,DSC05638.JPG,CHOCO MUCHO CHOCO BAR 30G,CHO77
4800092660962,DSC05640.JPG,CHOCO MUCHO DARK CHOCO BAR 30G,CHO88
54028367911,DSC05647.JPG,+YAKULT HEALTH DRINK 5/80ML,YAK02B
4902430346177,DSC05680.JPG,DOWNY FBCON SUNRISE 6/43ML-N,DOW159
4800361395076,DSC05683.JPG,NESCAFE COF BCRM TWNPCK2/20G-P,NES982A
4800016644504,DSC05724.JPG,#*+PIATTOS SNACK CHEESE 85G,PIA02A
4800016665288,DSC05726.JPG,#*PIATTOS SNACK ROAST BEEF 85G,PIA04
4800016671500,DSC05728.JPG,#*+PIATTOS SNACK SOURCREAM 85G,PIA05A
4800016633614,DSC05730.JPG,#*PIATTOS SNACK NACHO PIZZA 85G,PIA08A
4800016633799,DSC05732.JPG,#*PIATTOS SNACK ROADHOUSE BBQ85G,PIA10
4800016644801,DSC05734.JPG,#*+PIATTOS SNACK CHEESE 40G,PIA02
4800016665271,DSC05736.JPG,#*PIATTOS SNACK ROAST BEEF 40G,PIA03
4800016671807,DSC05738.JPG,#*+PIATTOS SNACK SOURCREAM 40G,PIA05
4800016633782,DSC05740.JPG,#*+PIATTOS SNACK ROADHOUSE BBQ40G,PIA09
4808887010077,DSC05742.JPG,PF CBEEF 150G,PUR03A
4808887010015,DSC05745.JPG,PF CBEEF 210G,PUR02
4808887010022,DSC05747.JPG,PF CBEEF 380G,PUR04
4808887030013,DSC05749.JPG,PF LMEAT (BLUE) 230G (215G),PUR191
4808887030037,DSC05751.JPG,PF LMEAT CHINESE 350G,PUR25
4808887119480,DSC05753.JPG,PF SIZZ SISIG 150G,PUR101
4808887012002,DSC05755.JPG,PF STAR CBEEF CHUNKYCHEESE150G,PUR160
4807770271519,DSC05758.JPG,LUCKYME SUPRME MINI STNGHON30G,LUC42
4807770273612,DSC05760.JPG,LUCKYME SUPREME MINIS.BULALO35,LUC76
4807770271168,DSC05762.JPG,+LUCKYME SUPREMEMINI BATCHOY35G,LUC35
4807770272943,DSC05764.JPG,LUCKYME SUPRME MINI SEAFD 35G,LUC125
4807770273704,DSC05766.JPG,LUCKYME P.CANTON ORIGINAL 80G,LUC164
4807770273650,DSC05768.JPG,LUCKYME NOODLE SPCY CKN 50G,LUC78
750515018501,DSC05770.JPG,+SKYFLAKES CRACKERS 10/25G,SKY15
750515018488,DSC05772.JPG,+SKYFLAKES CRACKERS 24/25G,SKY27
4800361388313,DSC05775.JPG,NESTLE CHUCKIE 180ML,NES201
4803925120213,DSC05778.JPG,PEPSI REG PET 2L,PEP91
4804888800044,DSC05782.JPG,+ZESTO RTD MANGO 200ML,ZES02
4804888800006,DSC05784.JPG,+ZESTO RTD ORANGE 200ML,ZES03
4804888800143,DSC05786.JPG,ZESTO RTD APPLE 200ML,ZES04
4806519893463,DSC05788.JPG,YEN YEN FABCON A-BAC LVNDR 1L,YEN08
4806519893449,DSC05790.JPG,YEN YEN FABCON 1000ML,YEN04
4806519893456,DSC05792.JPG,YEN YEN FABCON A-BAC PINK 1L,YEN09
4800220503154,DSC05795.JPG,TANDUAY RUM 5 YEARS 750ML,TAN17
4800220503253,DSC05797.JPG,TANDUAY RUM 5 YEARS 375ML,TAN16
4800220503451,DSC05799.JPG,TANDUAY RUM 5 YEARS 250ML,TAN34
4800047840296,DSC05802.JPG,ZONROX BLCH LMN 100ML,ZON39
4800047841729,DSC05804.JPG,+ZONROX BLCH COLORSAFE 225ML,ZON58
4800047840289,DSC05809.JPG,ZONROX BLCH LMN 250ML (-P),ZON15
4800047841712,DSC05811.JPG,ZONROX BLCH COLORSAFE 450ML,ZON59
4800047841705,DSC05813.JPG,ZONROX BLCH COLORSAFE 900ML(-P,ZON60
4800047840012,DSC05815.JPG,+ZONROX BLCH REG 1000ML,ZON01
4800047840272,DSC05817.JPG,ZONROX BLCH LMN 500ML,ZON37
4800047840029,DSC05819.JPG,+ZONROX BLCH REG 500ML,ZON34
4800047840210,DSC05821.JPG,ZONROX BLCH FRSH SCN 500ML,ZON36
4800047840562,DSC05823.JPG,ZONROX BLCH FLRL 500ML,ZON35
4800017909206,DSC05825.JPG,RAM TOMATO SAUCE SUP 1KG/1.1KG,RAM69
4800017902504,DSC05830.JPG,RAM SPAG SAUCE SWEET 250G,RAM48
4800017907707,DSC05832.JPG,RAM TOMATO PASTE 70G,RAM52
4800017938107,DSC05834.JPG,RAM TOMATO PASTE 150G,RAM53
4800024575258,DSC05836.JPG,DM JUICE FOUR SEASONS 1L,DEL92
4800024576064,DSC05838.JPG,DM JUICE PINE SWEET 1L,DEL93
91C2C09,_DSC0407.JPG,#*C2 GREENTEA APPLE 230ML,C2C09
91C2C10,_DSC0427.JPG,#*C2 GREENTEA LEMON 230ML,C2C10
4800163443043,DSC01492.JPG,LIGO SARD GREEN EOC 155G,LIG10
